sheetName,cellRef,fieldName,javaType,excelFormat
"COMMENTS","C2","comments_r2c3","java.lang.Double","General"
"COMMENTS","F2","contents_b59","java.lang.String","General"
"COMMENTS","G2","contents_b59_2","java.lang.String","General"
"COMMENTS","H2","contents_b59_3","java.lang.String","General"
"COMMENTS","I2","contents_b59_4","java.lang.String","General"
"COMMENTS","J2","contents_b59_5","java.lang.String","General"
"COMMENTS","K2","contents_b59_6","java.lang.String","General"
"COMMENTS","L2","contents_b59_7","java.lang.String","General"
"COMMENTS","M2","contents_b59_8","java.lang.String","General"
"COMMENTS","N2","contents_b59_9","java.lang.String","General"
"COMMENTS","O2","contents_b59_10","java.lang.String","General"
"COMMENTS","C3","contents_b59_11","java.lang.Double","General"
"COMMENTS","F3","contents_e_3","java.lang.String","General"
"COMMENTS","G3","contents_e_3_2","java.lang.String","General"
"COMMENTS","H3","contents_e_3_3","java.lang.String","General"
"COMMENTS","I3","contents_e_3_4","java.lang.String","General"
"COMMENTS","J3","contents_e_3_5","java.lang.String","General"
"COMMENTS","K3","contents_e_3_6","java.lang.String","General"
"COMMENTS","L3","contents_e_3_7","java.lang.String","General"
"COMMENTS","M3","contents_e_3_8","java.lang.String","General"
"COMMENTS","N3","contents_e_3_9","java.lang.String","General"
"COMMENTS","O3","contents_e_3_10","java.lang.String","General"
"COMMENTS","C4","contents_e_3_11","java.lang.Double","General"
"COMMENTS","F4","contents_e_4","java.lang.String","General"
"COMMENTS","G4","contents_e_4_2","java.lang.String","General"
"COMMENTS","H4","contents_e_4_3","java.lang.String","General"
"COMMENTS","I4","contents_e_4_4","java.lang.String","General"
"COMMENTS","J4","contents_e_4_5","java.lang.String","General"
"COMMENTS","K4","contents_e_4_6","java.lang.String","General"
"COMMENTS","L4","contents_e_4_7","java.lang.String","General"
"COMMENTS","M4","contents_e_4_8","java.lang.String","General"
"COMMENTS","N4","contents_e_4_9","java.lang.String","General"
"COMMENTS","O4","contents_e_4_10","java.lang.String","General"
"COMMENTS","F5","comments_r5c6","java.lang.String","General"
"COMMENTS","G5","comments_r5c7","java.lang.String","General"
"COMMENTS","H5","comments_r5c8","java.lang.String","General"
"COMMENTS","I5","comments_r5c9","java.lang.String","General"
"COMMENTS","J5","comments_r5c10","java.lang.String","General"
"COMMENTS","K5","comments_r5c11","java.lang.String","General"
"COMMENTS","L5","comments_r5c12","java.lang.String","General"
"COMMENTS","M5","comments_r5c13","java.lang.String","General"
"COMMENTS","N5","comments_r5c14","java.lang.String","General"
"COMMENTS","O5","comments_r5c15","java.lang.String","General"
"COMMENTS","C6","contents_e_4_11","java.lang.Double","General"
"COMMENTS","F6","contents_b58","java.lang.String","General"
"COMMENTS","G6","contents_b58_2","java.lang.String","General"
"COMMENTS","H6","contents_b58_3","java.lang.String","General"
"COMMENTS","I6","contents_b58_4","java.lang.String","General"
"COMMENTS","J6","contents_b58_5","java.lang.String","General"
"COMMENTS","K6","contents_b58_6","java.lang.String","General"
"COMMENTS","L6","contents_b58_7","java.lang.String","General"
"COMMENTS","M6","contents_b58_8","java.lang.String","General"
"COMMENTS","N6","contents_b58_9","java.lang.String","General"
"COMMENTS","O6","contents_b58_10","java.lang.String","General"
"COMMENTS","F7","comments","java.lang.String","General"
"COMMENTS","G7","comments_2","java.lang.String","General"
"COMMENTS","H7","comments_3","java.lang.String","General"
"COMMENTS","I7","comments_4","java.lang.String","General"
"COMMENTS","J7","comments_5","java.lang.String","General"
"COMMENTS","K7","comments_6","java.lang.String","General"
"COMMENTS","L7","comments_7","java.lang.String","General"
"COMMENTS","M7","comments_8","java.lang.String","General"
"COMMENTS","N7","comments_9","java.lang.String","General"
"COMMENTS","O7","comments_10","java.lang.String","General"
"COMMENTS","C8","comments_11","java.lang.String","@"
"COMMENTS","F8","comments_r8c6","java.lang.String","General"
"COMMENTS","G8","comments_r8c7","java.lang.String","General"
"COMMENTS","H8","comments_r8c8","java.lang.String","General"
"COMMENTS","I8","comments_r8c9","java.lang.String","General"
"COMMENTS","J8","comments_r8c10","java.lang.String","General"
"COMMENTS","K8","comments_r8c11","java.lang.String","General"
"COMMENTS","L8","comments_r8c12","java.lang.String","General"
"COMMENTS","M8","comments_r8c13","java.lang.String","General"
"COMMENTS","N8","comments_r8c14","java.lang.String","General"
"COMMENTS","O8","comments_r8c15","java.lang.String","General"
"COMMENTS","C9","comments_12","java.lang.String","@"
"COMMENTS","F9","comments_r9c6","java.lang.String","General"
"COMMENTS","G9","comments_r9c7","java.lang.String","General"
"COMMENTS","H9","comments_r9c8","java.lang.String","General"
"COMMENTS","I9","comments_r9c9","java.lang.String","General"
"COMMENTS","J9","comments_r9c10","java.lang.String","General"
"COMMENTS","K9","comments_r9c11","java.lang.String","General"
"COMMENTS","L9","comments_r9c12","java.lang.String","General"
"COMMENTS","M9","comments_r9c13","java.lang.String","General"
"COMMENTS","N9","comments_r9c14","java.lang.String","General"
"COMMENTS","O9","comments_r9c15","java.lang.String","General"
"COMMENTS","C10","comments_13","java.lang.String","@"
"COMMENTS","F10","comments_r10c6","java.lang.String","General"
"COMMENTS","G10","comments_r10c7","java.lang.String","General"
"COMMENTS","H10","comments_r10c8","java.lang.String","General"
"COMMENTS","I10","comments_r10c9","java.lang.String","General"
"COMMENTS","J10","comments_r10c10","java.lang.String","General"
"COMMENTS","K10","comments_r10c11","java.lang.String","General"
"COMMENTS","L10","comments_r10c12","java.lang.String","General"
"COMMENTS","M10","comments_r10c13","java.lang.String","General"
"COMMENTS","N10","comments_r10c14","java.lang.String","General"
"COMMENTS","O10","comments_r10c15","java.lang.String","General"
"COMMENTS","C11","comments_14","java.lang.String","@"
"COMMENTS","F11","comments_r11c6","java.lang.String","General"
"COMMENTS","G11","comments_r11c7","java.lang.String","General"
"COMMENTS","H11","comments_r11c8","java.lang.String","General"
"COMMENTS","I11","comments_r11c9","java.lang.String","General"
"COMMENTS","J11","comments_r11c10","java.lang.String","General"
"COMMENTS","K11","comments_r11c11","java.lang.String","General"
"COMMENTS","L11","comments_r11c12","java.lang.String","General"
"COMMENTS","M11","comments_r11c13","java.lang.String","General"
"COMMENTS","N11","comments_r11c14","java.lang.String","General"
"COMMENTS","O11","comments_r11c15","java.lang.String","General"
"COMMENTS","C12","comments_15","java.lang.String","@"
"COMMENTS","F12","comments_r12c6","java.lang.String","General"
"COMMENTS","G12","comments_r12c7","java.lang.String","General"
"COMMENTS","H12","comments_r12c8","java.lang.String","General"
"COMMENTS","I12","comments_r12c9","java.lang.String","General"
"COMMENTS","J12","comments_r12c10","java.lang.String","General"
"COMMENTS","K12","comments_r12c11","java.lang.String","General"
"COMMENTS","L12","comments_r12c12","java.lang.String","General"
"COMMENTS","M12","comments_r12c13","java.lang.String","General"
"COMMENTS","N12","comments_r12c14","java.lang.String","General"
"COMMENTS","O12","comments_r12c15","java.lang.String","General"
"COMMENTS","C13","comments_16","java.lang.String","@"
"COMMENTS","F13","comments_r13c6","java.lang.String","General"
"COMMENTS","G13","comments_r13c7","java.lang.String","General"
"COMMENTS","H13","comments_r13c8","java.lang.String","General"
"COMMENTS","I13","comments_r13c9","java.lang.String","General"
"COMMENTS","J13","comments_r13c10","java.lang.String","General"
"COMMENTS","K13","comments_r13c11","java.lang.String","General"
"COMMENTS","L13","comments_r13c12","java.lang.String","General"
"COMMENTS","M13","comments_r13c13","java.lang.String","General"
"COMMENTS","N13","comments_r13c14","java.lang.String","General"
"COMMENTS","O13","comments_r13c15","java.lang.String","General"
"COMMENTS","C14","comments_17","java.lang.String","@"
"COMMENTS","F14","comments_r14c6","java.lang.String","General"
"COMMENTS","G14","comments_r14c7","java.lang.String","General"
"COMMENTS","H14","comments_r14c8","java.lang.String","General"
"COMMENTS","I14","comments_r14c9","java.lang.String","General"
"COMMENTS","J14","comments_r14c10","java.lang.String","General"
"COMMENTS","K14","comments_r14c11","java.lang.String","General"
"COMMENTS","L14","comments_r14c12","java.lang.String","General"
"COMMENTS","M14","comments_r14c13","java.lang.String","General"
"COMMENTS","N14","comments_r14c14","java.lang.String","General"
"COMMENTS","O14","comments_r14c15","java.lang.String","General"
"COMMENTS","C15","comments_18","java.lang.String","@"
"COMMENTS","F15","comments_r15c6","java.lang.String","General"
"COMMENTS","G15","comments_r15c7","java.lang.String","General"
"COMMENTS","H15","comments_r15c8","java.lang.String","General"
"COMMENTS","I15","comments_r15c9","java.lang.String","General"
"COMMENTS","J15","comments_r15c10","java.lang.String","General"
"COMMENTS","K15","comments_r15c11","java.lang.String","General"
"COMMENTS","L15","comments_r15c12","java.lang.String","General"
"COMMENTS","M15","comments_r15c13","java.lang.String","General"
"COMMENTS","N15","comments_r15c14","java.lang.String","General"
"COMMENTS","O15","comments_r15c15","java.lang.String","General"
"COMMENTS","C16","comments_19","java.lang.String","@"
"COMMENTS","F16","comments_r16c6","java.lang.String","General"
"COMMENTS","G16","comments_r16c7","java.lang.String","General"
"COMMENTS","H16","comments_r16c8","java.lang.String","General"
"COMMENTS","I16","comments_r16c9","java.lang.String","General"
"COMMENTS","J16","comments_r16c10","java.lang.String","General"
"COMMENTS","K16","comments_r16c11","java.lang.String","General"
"COMMENTS","L16","comments_r16c12","java.lang.String","General"
"COMMENTS","M16","comments_r16c13","java.lang.String","General"
"COMMENTS","N16","comments_r16c14","java.lang.String","General"
"COMMENTS","O16","comments_r16c15","java.lang.String","General"
"COMMENTS","C17","comments_20","java.lang.String","@"
"COMMENTS","F17","comments_r17c6","java.lang.String","General"
"COMMENTS","G17","comments_r17c7","java.lang.String","General"
"COMMENTS","H17","comments_r17c8","java.lang.String","General"
"COMMENTS","I17","comments_r17c9","java.lang.String","General"
"COMMENTS","J17","comments_r17c10","java.lang.String","General"
"COMMENTS","K17","comments_r17c11","java.lang.String","General"
"COMMENTS","L17","comments_r17c12","java.lang.String","General"
"COMMENTS","M17","comments_r17c13","java.lang.String","General"
"COMMENTS","N17","comments_r17c14","java.lang.String","General"
"COMMENTS","O17","comments_r17c15","java.lang.String","General"
"COMMENTS","C18","comments_21","java.lang.String","@"
"COMMENTS","F18","comments_r18c6","java.lang.String","General"
"COMMENTS","G18","comments_r18c7","java.lang.String","General"
"COMMENTS","H18","comments_r18c8","java.lang.String","General"
"COMMENTS","I18","comments_r18c9","java.lang.String","General"
"COMMENTS","J18","comments_r18c10","java.lang.String","General"
"COMMENTS","K18","comments_r18c11","java.lang.String","General"
"COMMENTS","L18","comments_r18c12","java.lang.String","General"
"COMMENTS","M18","comments_r18c13","java.lang.String","General"
"COMMENTS","N18","comments_r18c14","java.lang.String","General"
"COMMENTS","O18","comments_r18c15","java.lang.String","General"
"COMMENTS","C19","comments_22","java.lang.String","@"
"COMMENTS","F19","comments_r19c6","java.lang.String","General"
"COMMENTS","G19","comments_r19c7","java.lang.String","General"
"COMMENTS","H19","comments_r19c8","java.lang.String","General"
"COMMENTS","I19","comments_r19c9","java.lang.String","General"
"COMMENTS","J19","comments_r19c10","java.lang.String","General"
"COMMENTS","K19","comments_r19c11","java.lang.String","General"
"COMMENTS","L19","comments_r19c12","java.lang.String","General"
"COMMENTS","M19","comments_r19c13","java.lang.String","General"
"COMMENTS","N19","comments_r19c14","java.lang.String","General"
"COMMENTS","O19","comments_r19c15","java.lang.String","General"
"COMMENTS","C20","comments_23","java.lang.String","@"
"COMMENTS","F20","comments_r20c6","java.lang.String","General"
"COMMENTS","G20","comments_r20c7","java.lang.String","General"
"COMMENTS","H20","comments_r20c8","java.lang.String","General"
"COMMENTS","I20","comments_r20c9","java.lang.String","General"
"COMMENTS","J20","comments_r20c10","java.lang.String","General"
"COMMENTS","K20","comments_r20c11","java.lang.String","General"
"COMMENTS","L20","comments_r20c12","java.lang.String","General"
"COMMENTS","M20","comments_r20c13","java.lang.String","General"
"COMMENTS","N20","comments_r20c14","java.lang.String","General"
"COMMENTS","O20","comments_r20c15","java.lang.String","General"
"COMMENTS","C21","comments_24","java.lang.String","@"
"COMMENTS","F21","comments_r21c6","java.lang.String","General"
"COMMENTS","G21","comments_r21c7","java.lang.String","General"
"COMMENTS","H21","comments_r21c8","java.lang.String","General"
"COMMENTS","I21","comments_r21c9","java.lang.String","General"
"COMMENTS","J21","comments_r21c10","java.lang.String","General"
"COMMENTS","K21","comments_r21c11","java.lang.String","General"
"COMMENTS","L21","comments_r21c12","java.lang.String","General"
"COMMENTS","M21","comments_r21c13","java.lang.String","General"
"COMMENTS","N21","comments_r21c14","java.lang.String","General"
"COMMENTS","O21","comments_r21c15","java.lang.String","General"
"COMMENTS","C22","comments_25","java.lang.String","@"
"COMMENTS","F22","comments_r22c6","java.lang.String","General"
"COMMENTS","G22","comments_r22c7","java.lang.String","General"
"COMMENTS","H22","comments_r22c8","java.lang.String","General"
"COMMENTS","I22","comments_r22c9","java.lang.String","General"
"COMMENTS","J22","comments_r22c10","java.lang.String","General"
"COMMENTS","K22","comments_r22c11","java.lang.String","General"
"COMMENTS","L22","comments_r22c12","java.lang.String","General"
"COMMENTS","M22","comments_r22c13","java.lang.String","General"
"COMMENTS","N22","comments_r22c14","java.lang.String","General"
"COMMENTS","O22","comments_r22c15","java.lang.String","General"
"COMMENTS","C23","comments_26","java.lang.String","@"
"COMMENTS","F23","comments_r23c6","java.lang.String","General"
"COMMENTS","G23","comments_r23c7","java.lang.String","General"
"COMMENTS","H23","comments_r23c8","java.lang.String","General"
"COMMENTS","I23","comments_r23c9","java.lang.String","General"
"COMMENTS","J23","comments_r23c10","java.lang.String","General"
"COMMENTS","K23","comments_r23c11","java.lang.String","General"
"COMMENTS","L23","comments_r23c12","java.lang.String","General"
"COMMENTS","M23","comments_r23c13","java.lang.String","General"
"COMMENTS","N23","comments_r23c14","java.lang.String","General"
"COMMENTS","O23","comments_r23c15","java.lang.String","General"
"COMMENTS","C24","comments_27","java.lang.String","@"
"COMMENTS","F24","comments_r24c6","java.lang.String","General"
"COMMENTS","G24","comments_r24c7","java.lang.String","General"
"COMMENTS","H24","comments_r24c8","java.lang.String","General"
"COMMENTS","I24","comments_r24c9","java.lang.String","General"
"COMMENTS","J24","comments_r24c10","java.lang.String","General"
"COMMENTS","K24","comments_r24c11","java.lang.String","General"
"COMMENTS","L24","comments_r24c12","java.lang.String","General"
"COMMENTS","M24","comments_r24c13","java.lang.String","General"
"COMMENTS","N24","comments_r24c14","java.lang.String","General"
"COMMENTS","O24","comments_r24c15","java.lang.String","General"
"COMMENTS","C25","comments_28","java.lang.String","@"
"COMMENTS","F25","comments_r25c6","java.lang.String","General"
"COMMENTS","G25","comments_r25c7","java.lang.String","General"
"COMMENTS","H25","comments_r25c8","java.lang.String","General"
"COMMENTS","I25","comments_r25c9","java.lang.String","General"
"COMMENTS","J25","comments_r25c10","java.lang.String","General"
"COMMENTS","K25","comments_r25c11","java.lang.String","General"
"COMMENTS","L25","comments_r25c12","java.lang.String","General"
"COMMENTS","M25","comments_r25c13","java.lang.String","General"
"COMMENTS","N25","comments_r25c14","java.lang.String","General"
"COMMENTS","O25","comments_r25c15","java.lang.String","General"
"COMMENTS","C26","comments_29","java.lang.String","@"
"COMMENTS","F26","comments_r26c6","java.lang.String","General"
"COMMENTS","G26","comments_r26c7","java.lang.String","General"
"COMMENTS","H26","comments_r26c8","java.lang.String","General"
"COMMENTS","I26","comments_r26c9","java.lang.String","General"
"COMMENTS","J26","comments_r26c10","java.lang.String","General"
"COMMENTS","K26","comments_r26c11","java.lang.String","General"
"COMMENTS","L26","comments_r26c12","java.lang.String","General"
"COMMENTS","M26","comments_r26c13","java.lang.String","General"
"COMMENTS","N26","comments_r26c14","java.lang.String","General"
"COMMENTS","O26","comments_r26c15","java.lang.String","General"
"COMMENTS","C27","comments_30","java.lang.String","@"
"COMMENTS","F27","comments_r27c6","java.lang.String","General"
"COMMENTS","G27","comments_r27c7","java.lang.String","General"
"COMMENTS","H27","comments_r27c8","java.lang.String","General"
"COMMENTS","I27","comments_r27c9","java.lang.String","General"
"COMMENTS","J27","comments_r27c10","java.lang.String","General"
"COMMENTS","K27","comments_r27c11","java.lang.String","General"
"COMMENTS","L27","comments_r27c12","java.lang.String","General"
"COMMENTS","M27","comments_r27c13","java.lang.String","General"
"COMMENTS","N27","comments_r27c14","java.lang.String","General"
"COMMENTS","O27","comments_r27c15","java.lang.String","General"
"COMMENTS","C28","comments_31","java.lang.String","@"
"COMMENTS","F28","comments_r28c6","java.lang.String","General"
"COMMENTS","G28","comments_r28c7","java.lang.String","General"
"COMMENTS","H28","comments_r28c8","java.lang.String","General"
"COMMENTS","I28","comments_r28c9","java.lang.String","General"
"COMMENTS","J28","comments_r28c10","java.lang.String","General"
"COMMENTS","K28","comments_r28c11","java.lang.String","General"
"COMMENTS","L28","comments_r28c12","java.lang.String","General"
"COMMENTS","M28","comments_r28c13","java.lang.String","General"
"COMMENTS","N28","comments_r28c14","java.lang.String","General"
"COMMENTS","O28","comments_r28c15","java.lang.String","General"
"COMMENTS","C29","comments_32","java.lang.String","@"
"COMMENTS","F29","comments_r29c6","java.lang.String","General"
"COMMENTS","G29","comments_r29c7","java.lang.String","General"
"COMMENTS","H29","comments_r29c8","java.lang.String","General"
"COMMENTS","I29","comments_r29c9","java.lang.String","General"
"COMMENTS","J29","comments_r29c10","java.lang.String","General"
"COMMENTS","K29","comments_r29c11","java.lang.String","General"
"COMMENTS","L29","comments_r29c12","java.lang.String","General"
"COMMENTS","M29","comments_r29c13","java.lang.String","General"
"COMMENTS","N29","comments_r29c14","java.lang.String","General"
"COMMENTS","O29","comments_r29c15","java.lang.String","General"
"COMMENTS","C30","comments_33","java.lang.String","@"
"COMMENTS","F30","comments_r30c6","java.lang.String","General"
"COMMENTS","G30","comments_r30c7","java.lang.String","General"
"COMMENTS","H30","comments_r30c8","java.lang.String","General"
"COMMENTS","I30","comments_r30c9","java.lang.String","General"
"COMMENTS","J30","comments_r30c10","java.lang.String","General"
"COMMENTS","K30","comments_r30c11","java.lang.String","General"
"COMMENTS","L30","comments_r30c12","java.lang.String","General"
"COMMENTS","M30","comments_r30c13","java.lang.String","General"
"COMMENTS","N30","comments_r30c14","java.lang.String","General"
"COMMENTS","O30","comments_r30c15","java.lang.String","General"
"COMMENTS","C31","comments_34","java.lang.String","@"
"COMMENTS","F31","comments_r31c6","java.lang.String","General"
"COMMENTS","G31","comments_r31c7","java.lang.String","General"
"COMMENTS","H31","comments_r31c8","java.lang.String","General"
"COMMENTS","I31","comments_r31c9","java.lang.String","General"
"COMMENTS","J31","comments_r31c10","java.lang.String","General"
"COMMENTS","K31","comments_r31c11","java.lang.String","General"
"COMMENTS","L31","comments_r31c12","java.lang.String","General"
"COMMENTS","M31","comments_r31c13","java.lang.String","General"
"COMMENTS","N31","comments_r31c14","java.lang.String","General"
"COMMENTS","O31","comments_r31c15","java.lang.String","General"
"COMMENTS","C32","comments_35","java.lang.String","@"
"COMMENTS","F32","comments_r32c6","java.lang.String","General"
"COMMENTS","G32","comments_r32c7","java.lang.String","General"
"COMMENTS","H32","comments_r32c8","java.lang.String","General"
"COMMENTS","I32","comments_r32c9","java.lang.String","General"
"COMMENTS","J32","comments_r32c10","java.lang.String","General"
"COMMENTS","K32","comments_r32c11","java.lang.String","General"
"COMMENTS","L32","comments_r32c12","java.lang.String","General"
"COMMENTS","M32","comments_r32c13","java.lang.String","General"
"COMMENTS","N32","comments_r32c14","java.lang.String","General"
"COMMENTS","O32","comments_r32c15","java.lang.String","General"
"COMMENTS","F33","comments_r33c6","java.lang.String","General"
"COMMENTS","G33","comments_r33c7","java.lang.String","General"
"COMMENTS","H33","comments_r33c8","java.lang.String","General"
"COMMENTS","I33","comments_r33c9","java.lang.String","General"
"COMMENTS","J33","comments_r33c10","java.lang.String","General"
"COMMENTS","K33","comments_r33c11","java.lang.String","General"
"COMMENTS","L33","comments_r33c12","java.lang.String","General"
"COMMENTS","M33","comments_r33c13","java.lang.String","General"
"COMMENTS","N33","comments_r33c14","java.lang.String","General"
"COMMENTS","O33","comments_r33c15","java.lang.String","General"
