sheetName,cellRef,fieldName,javaType,excelFormat
"EXPENSE_DTL_12b","C2","expense_dtl_12b_r2c3","java.lang.Double","General"
"EXPENSE_DTL_12b","B3","expense_dtl_12b_r3c2","java.lang.Double","General"
"EXPENSE_DTL_12b","B4","contents_e_3","java.lang.Double","General"
"EXPENSE_DTL_12b","B6","contents_e_4","java.lang.Double","General"
"EXPENSE_DTL_12b","D12","organization_or_person_ar","java.lang.String","@"
"EXPENSE_DTL_12b","E12","ar","java.lang.String","@"
"EXPENSE_DTL_12b","F12","ar_2","java.lang.String","@"
"EXPENSE_DTL_12b","G12","check_ar","java.lang.String","@"
"EXPENSE_DTL_12b","H12","check_date_ar","java.lang.String","@"
"EXPENSE_DTL_12b","I12","amount_ar","java.lang.String","#,##0.00_);(#,##0.00)"
"EXPENSE_DTL_12b","D13","organization_or_person_ar_2","java.lang.String","@"
"EXPENSE_DTL_12b","E13","ar_3","java.lang.String","@"
"EXPENSE_DTL_12b","F13","ar_4","java.lang.String","@"
"EXPENSE_DTL_12b","G13","check_ar_2","java.lang.String","@"
"EXPENSE_DTL_12b","H13","check_date_ar_2","java.lang.String","@"
"EXPENSE_DTL_12b","I13","amount_ar_2","java.lang.String","#,##0.00_);(#,##0.00)"
"EXPENSE_DTL_12b","D14","organization_or_person_ar_3","java.lang.String","@"
"EXPENSE_DTL_12b","E14","ar_5","java.lang.String","@"
"EXPENSE_DTL_12b","F14","ar_6","java.lang.String","@"
"EXPENSE_DTL_12b","G14","check_ar_3","java.lang.String","@"
"EXPENSE_DTL_12b","H14","check_date_ar_3","java.lang.String","@"
"EXPENSE_DTL_12b","I14","amount_ar_3","java.lang.String","#,##0.00_);(#,##0.00)"
"EXPENSE_DTL_12b","D15","organization_or_person_ar_4","java.lang.String","@"
"EXPENSE_DTL_12b","E15","ar_7","java.lang.String","@"
"EXPENSE_DTL_12b","F15","ar_8","java.lang.String","@"
"EXPENSE_DTL_12b","G15","check_ar_4","java.lang.String","@"
"EXPENSE_DTL_12b","H15","check_date_ar_4","java.lang.String","@"
"EXPENSE_DTL_12b","I15","amount_ar_4","java.lang.String","#,##0.00_);(#,##0.00)"
"EXPENSE_DTL_12b","I16","amount_show_total_on_pg_4_line_20","java.lang.Double","#,##0.00_);(#,##0.00)"
"EXPENSE_DTL_12b","C18","ar_9","java.lang.String","General"
"EXPENSE_DTL_12b","D18","organization_or_person_contact_your_kingdom_exchequer_before_using_this_section","java.lang.String","General"
"EXPENSE_DTL_12b","E18","contact_your_kingdom_exchequer_before_using_this_section","java.lang.String","General"
"EXPENSE_DTL_12b","F18","contact_your_kingdom_exchequer_before_using_this_section_2","java.lang.String","General"
"EXPENSE_DTL_12b","G18","check_contact_your_kingdom_exchequer_before_using_this_section","java.lang.String","General"
"EXPENSE_DTL_12b","H18","show_total_on_pg_4_line_20_contact_your_kingdom_exchequer_before_using_this_section","java.lang.String","General"
"EXPENSE_DTL_12b","I18","sum_i12_i15_contact_your_kingdom_exchequer_before_using_this_section","java.lang.String","General"
"EXPENSE_DTL_12b","C21","reason","java.lang.String","@"
"EXPENSE_DTL_12b","D21","organization_or_person","java.lang.String","@"
"EXPENSE_DTL_12b","E21","expense_dtl_12b_r21c5","java.lang.String","@"
"EXPENSE_DTL_12b","F21","expense_dtl_12b_r21c6","java.lang.String","@"
"EXPENSE_DTL_12b","G21","check","java.lang.String","@"
"EXPENSE_DTL_12b","H21","paid_to","java.lang.String","@"
"EXPENSE_DTL_12b","I21","amount","java.lang.String","#,##0.00_);(#,##0.00)"
"EXPENSE_DTL_12b","C22","reason_2","java.lang.String","@"
"EXPENSE_DTL_12b","D22","organization_or_person_2","java.lang.String","@"
"EXPENSE_DTL_12b","E22","expense_dtl_12b_r22c5","java.lang.String","@"
"EXPENSE_DTL_12b","F22","expense_dtl_12b_r22c6","java.lang.String","@"
"EXPENSE_DTL_12b","G22","check_2","java.lang.String","@"
"EXPENSE_DTL_12b","H22","paid_to_2","java.lang.String","@"
"EXPENSE_DTL_12b","I22","amount_2","java.lang.String","#,##0.00_);(#,##0.00)"
"EXPENSE_DTL_12b","C23","reason_3","java.lang.String","@"
"EXPENSE_DTL_12b","D23","organization_or_person_3","java.lang.String","@"
"EXPENSE_DTL_12b","E23","expense_dtl_12b_r23c5","java.lang.String","@"
"EXPENSE_DTL_12b","F23","expense_dtl_12b_r23c6","java.lang.String","@"
"EXPENSE_DTL_12b","G23","check_3","java.lang.String","@"
"EXPENSE_DTL_12b","H23","paid_to_3","java.lang.String","@"
"EXPENSE_DTL_12b","I23","amount_3","java.lang.String","#,##0.00_);(#,##0.00)"
"EXPENSE_DTL_12b","C24","reason_4","java.lang.String","@"
"EXPENSE_DTL_12b","D24","organization_or_person_4","java.lang.String","@"
"EXPENSE_DTL_12b","E24","expense_dtl_12b_r24c5","java.lang.String","@"
"EXPENSE_DTL_12b","F24","expense_dtl_12b_r24c6","java.lang.String","@"
"EXPENSE_DTL_12b","G24","check_4","java.lang.String","@"
"EXPENSE_DTL_12b","H24","paid_to_4","java.lang.String","@"
"EXPENSE_DTL_12b","I24","amount_4","java.lang.String","#,##0.00_);(#,##0.00)"
"EXPENSE_DTL_12b","C25","reason_5","java.lang.String","@"
"EXPENSE_DTL_12b","D25","organization_or_person_5","java.lang.String","@"
"EXPENSE_DTL_12b","E25","expense_dtl_12b_r25c5","java.lang.String","@"
"EXPENSE_DTL_12b","F25","expense_dtl_12b_r25c6","java.lang.String","@"
"EXPENSE_DTL_12b","G25","check_5","java.lang.String","@"
"EXPENSE_DTL_12b","H25","paid_to_5","java.lang.String","@"
"EXPENSE_DTL_12b","I25","amount_5","java.lang.String","#,##0.00_);(#,##0.00)"
"EXPENSE_DTL_12b","C26","reason_6","java.lang.String","@"
"EXPENSE_DTL_12b","D26","organization_or_person_6","java.lang.String","@"
"EXPENSE_DTL_12b","E26","expense_dtl_12b_r26c5","java.lang.String","@"
"EXPENSE_DTL_12b","F26","expense_dtl_12b_r26c6","java.lang.String","@"
"EXPENSE_DTL_12b","G26","check_6","java.lang.String","@"
"EXPENSE_DTL_12b","H26","paid_to_6","java.lang.String","@"
"EXPENSE_DTL_12b","I26","amount_6","java.lang.String","#,##0.00_);(#,##0.00)"
"EXPENSE_DTL_12b","I27","amount_show_total_on_pg_4_line_28","java.lang.Double","#,##0.00_);(#,##0.00)"
"EXPENSE_DTL_12b","C31","_501_c_3_nonprofit_organizations_organization_name","java.lang.String","@"
"EXPENSE_DTL_12b","D31","organization_or_person_7","java.lang.String","@"
"EXPENSE_DTL_12b","E31","reason_7","java.lang.String","@"
"EXPENSE_DTL_12b","F31","check_7","java.lang.String","@"
"EXPENSE_DTL_12b","G31","check_date","java.lang.String","@"
"EXPENSE_DTL_12b","H31","fed_id_number","java.lang.String","@"
"EXPENSE_DTL_12b","I31","amount_7","java.lang.String","#,##0.00_);(#,##0.00)"
"EXPENSE_DTL_12b","C32","_501_c_3_nonprofit_organizations_organization_name_2","java.lang.String","@"
"EXPENSE_DTL_12b","D32","organization_or_person_8","java.lang.String","@"
"EXPENSE_DTL_12b","E32","reason_8","java.lang.String","@"
"EXPENSE_DTL_12b","F32","check_8","java.lang.String","@"
"EXPENSE_DTL_12b","G32","check_date_2","java.lang.String","@"
"EXPENSE_DTL_12b","H32","fed_id_number_2","java.lang.String","@"
"EXPENSE_DTL_12b","I32","amount_8","java.lang.String","#,##0.00_);(#,##0.00)"
"EXPENSE_DTL_12b","C33","_501_c_3_nonprofit_organizations_organization_name_3","java.lang.String","@"
"EXPENSE_DTL_12b","D33","organization_or_person_9","java.lang.String","@"
"EXPENSE_DTL_12b","E33","reason_9","java.lang.String","@"
"EXPENSE_DTL_12b","F33","check_9","java.lang.String","@"
"EXPENSE_DTL_12b","G33","check_date_3","java.lang.String","@"
"EXPENSE_DTL_12b","H33","fed_id_number_3","java.lang.String","@"
"EXPENSE_DTL_12b","I33","amount_9","java.lang.String","#,##0.00_);(#,##0.00)"
"EXPENSE_DTL_12b","C34","_501_c_3_nonprofit_organizations_organization_name_4","java.lang.String","@"
"EXPENSE_DTL_12b","D34","organization_or_person_10","java.lang.String","@"
"EXPENSE_DTL_12b","E34","reason_10","java.lang.String","@"
"EXPENSE_DTL_12b","F34","check_10","java.lang.String","@"
"EXPENSE_DTL_12b","G34","check_date_4","java.lang.String","@"
"EXPENSE_DTL_12b","H34","fed_id_number_4","java.lang.String","@"
"EXPENSE_DTL_12b","I34","amount_10","java.lang.String","#,##0.00_);(#,##0.00)"
"EXPENSE_DTL_12b","C35","_501_c_3_nonprofit_organizations_organization_name_5","java.lang.String","@"
"EXPENSE_DTL_12b","D35","organization_or_person_11","java.lang.String","@"
"EXPENSE_DTL_12b","E35","reason_11","java.lang.String","@"
"EXPENSE_DTL_12b","F35","check_11","java.lang.String","@"
"EXPENSE_DTL_12b","G35","check_date_5","java.lang.String","@"
"EXPENSE_DTL_12b","H35","fed_id_number_5","java.lang.String","@"
"EXPENSE_DTL_12b","I35","amount_11","java.lang.String","#,##0.00_);(#,##0.00)"
"EXPENSE_DTL_12b","C36","_501_c_3_nonprofit_organizations_organization_name_6","java.lang.String","@"
"EXPENSE_DTL_12b","D36","organization_or_person_12","java.lang.String","@"
"EXPENSE_DTL_12b","E36","reason_12","java.lang.String","@"
"EXPENSE_DTL_12b","F36","check_12","java.lang.String","@"
"EXPENSE_DTL_12b","G36","check_date_6","java.lang.String","@"
"EXPENSE_DTL_12b","H36","fed_id_number_6","java.lang.String","@"
"EXPENSE_DTL_12b","I36","amount_12","java.lang.String","#,##0.00_);(#,##0.00)"
"EXPENSE_DTL_12b","C37","_501_c_3_nonprofit_organizations_organization_name_7","java.lang.String","@"
"EXPENSE_DTL_12b","D37","organization_or_person_13","java.lang.String","@"
"EXPENSE_DTL_12b","E37","reason_13","java.lang.String","@"
"EXPENSE_DTL_12b","F37","check_13","java.lang.String","@"
"EXPENSE_DTL_12b","G37","check_date_7","java.lang.String","@"
"EXPENSE_DTL_12b","H37","fed_id_number_7","java.lang.String","@"
"EXPENSE_DTL_12b","I37","amount_13","java.lang.String","#,##0.00_);(#,##0.00)"
"EXPENSE_DTL_12b","C38","_501_c_3_nonprofit_organizations_organization_name_8","java.lang.String","@"
"EXPENSE_DTL_12b","D38","organization_or_person_14","java.lang.String","@"
"EXPENSE_DTL_12b","E38","reason_14","java.lang.String","@"
"EXPENSE_DTL_12b","F38","check_14","java.lang.String","@"
"EXPENSE_DTL_12b","G38","check_date_8","java.lang.String","@"
"EXPENSE_DTL_12b","H38","fed_id_number_8","java.lang.String","@"
"EXPENSE_DTL_12b","I38","amount_14","java.lang.String","#,##0.00_);(#,##0.00)"
"EXPENSE_DTL_12b","C39","_501_c_3_nonprofit_organizations_organization_name_9","java.lang.String","@"
"EXPENSE_DTL_12b","D39","organization_or_person_15","java.lang.String","@"
"EXPENSE_DTL_12b","E39","reason_15","java.lang.String","@"
"EXPENSE_DTL_12b","F39","check_15","java.lang.String","@"
"EXPENSE_DTL_12b","G39","check_date_9","java.lang.String","@"
"EXPENSE_DTL_12b","H39","fed_id_number_9","java.lang.String","@"
"EXPENSE_DTL_12b","I39","amount_15","java.lang.String","#,##0.00_);(#,##0.00)"
"EXPENSE_DTL_12b","C40","_501_c_3_nonprofit_organizations_organization_name_10","java.lang.String","@"
"EXPENSE_DTL_12b","D40","organization_or_person_16","java.lang.String","@"
"EXPENSE_DTL_12b","E40","reason_16","java.lang.String","@"
"EXPENSE_DTL_12b","F40","check_16","java.lang.String","@"
"EXPENSE_DTL_12b","G40","check_date_10","java.lang.String","@"
"EXPENSE_DTL_12b","H40","fed_id_number_10","java.lang.String","@"
"EXPENSE_DTL_12b","I40","amount_16","java.lang.String","#,##0.00_);(#,##0.00)"
"EXPENSE_DTL_12b","C41","_501_c_3_nonprofit_organizations_organization_name_11","java.lang.String","@"
"EXPENSE_DTL_12b","D41","organization_or_person_17","java.lang.String","@"
"EXPENSE_DTL_12b","E41","reason_17","java.lang.String","@"
"EXPENSE_DTL_12b","F41","check_17","java.lang.String","@"
"EXPENSE_DTL_12b","G41","check_date_11","java.lang.String","@"
"EXPENSE_DTL_12b","H41","fed_id_number_11","java.lang.String","@"
"EXPENSE_DTL_12b","I41","amount_17","java.lang.String","#,##0.00_);(#,##0.00)"
"EXPENSE_DTL_12b","C42","_501_c_3_nonprofit_organizations_organization_name_12","java.lang.String","@"
"EXPENSE_DTL_12b","D42","organization_or_person_18","java.lang.String","@"
"EXPENSE_DTL_12b","E42","reason_18","java.lang.String","@"
"EXPENSE_DTL_12b","F42","check_18","java.lang.String","@"
"EXPENSE_DTL_12b","G42","check_date_12","java.lang.String","@"
"EXPENSE_DTL_12b","H42","fed_id_number_12","java.lang.String","@"
"EXPENSE_DTL_12b","I42","amount_18","java.lang.String","#,##0.00_);(#,##0.00)"
"EXPENSE_DTL_12b","C43","_501_c_3_nonprofit_organizations_organization_name_13","java.lang.String","@"
"EXPENSE_DTL_12b","D43","organization_or_person_19","java.lang.String","@"
"EXPENSE_DTL_12b","E43","reason_19","java.lang.String","@"
"EXPENSE_DTL_12b","F43","check_19","java.lang.String","@"
"EXPENSE_DTL_12b","G43","check_date_13","java.lang.String","@"
"EXPENSE_DTL_12b","H43","fed_id_number_13","java.lang.String","@"
"EXPENSE_DTL_12b","I43","amount_19","java.lang.String","#,##0.00_);(#,##0.00)"
"EXPENSE_DTL_12b","C44","_501_c_3_nonprofit_organizations_organization_name_14","java.lang.String","@"
"EXPENSE_DTL_12b","D44","organization_or_person_20","java.lang.String","@"
"EXPENSE_DTL_12b","E44","reason_20","java.lang.String","@"
"EXPENSE_DTL_12b","F44","check_20","java.lang.String","@"
"EXPENSE_DTL_12b","G44","check_date_14","java.lang.String","@"
"EXPENSE_DTL_12b","H44","fed_id_number_14","java.lang.String","@"
"EXPENSE_DTL_12b","I44","amount_20","java.lang.String","#,##0.00_);(#,##0.00)"
"EXPENSE_DTL_12b","C45","_501_c_3_nonprofit_organizations_organization_name_15","java.lang.String","@"
"EXPENSE_DTL_12b","D45","organization_or_person_21","java.lang.String","@"
"EXPENSE_DTL_12b","E45","reason_21","java.lang.String","@"
"EXPENSE_DTL_12b","F45","check_21","java.lang.String","@"
"EXPENSE_DTL_12b","G45","check_date_15","java.lang.String","@"
"EXPENSE_DTL_12b","H45","fed_id_number_15","java.lang.String","@"
"EXPENSE_DTL_12b","I45","amount_21","java.lang.String","#,##0.00_);(#,##0.00)"
"EXPENSE_DTL_12b","C46","_501_c_3_nonprofit_organizations_organization_name_16","java.lang.String","@"
"EXPENSE_DTL_12b","D46","organization_or_person_22","java.lang.String","@"
"EXPENSE_DTL_12b","E46","reason_22","java.lang.String","@"
"EXPENSE_DTL_12b","F46","check_22","java.lang.String","@"
"EXPENSE_DTL_12b","G46","check_date_16","java.lang.String","@"
"EXPENSE_DTL_12b","H46","fed_id_number_16","java.lang.String","@"
"EXPENSE_DTL_12b","I46","amount_22","java.lang.String","#,##0.00_);(#,##0.00)"
"EXPENSE_DTL_12b","C47","_501_c_3_nonprofit_organizations_organization_name_17","java.lang.String","@"
"EXPENSE_DTL_12b","D47","organization_or_person_23","java.lang.String","@"
"EXPENSE_DTL_12b","E47","reason_23","java.lang.String","@"
"EXPENSE_DTL_12b","F47","check_23","java.lang.String","@"
"EXPENSE_DTL_12b","G47","check_date_17","java.lang.String","@"
"EXPENSE_DTL_12b","H47","fed_id_number_17","java.lang.String","@"
"EXPENSE_DTL_12b","I47","amount_23","java.lang.String","#,##0.00_);(#,##0.00)"
"EXPENSE_DTL_12b","C48","_501_c_3_nonprofit_organizations_organization_name_18","java.lang.String","@"
"EXPENSE_DTL_12b","D48","organization_or_person_24","java.lang.String","@"
"EXPENSE_DTL_12b","E48","reason_24","java.lang.String","@"
"EXPENSE_DTL_12b","F48","check_24","java.lang.String","@"
"EXPENSE_DTL_12b","G48","check_date_18","java.lang.String","@"
"EXPENSE_DTL_12b","H48","fed_id_number_18","java.lang.String","@"
"EXPENSE_DTL_12b","I48","amount_24","java.lang.String","#,##0.00_);(#,##0.00)"
"EXPENSE_DTL_12b","C49","_501_c_3_nonprofit_organizations_organization_name_19","java.lang.String","@"
"EXPENSE_DTL_12b","D49","organization_or_person_25","java.lang.String","@"
"EXPENSE_DTL_12b","E49","reason_25","java.lang.String","@"
"EXPENSE_DTL_12b","F49","check_25","java.lang.String","@"
"EXPENSE_DTL_12b","G49","check_date_19","java.lang.String","@"
"EXPENSE_DTL_12b","H49","fed_id_number_19","java.lang.String","@"
"EXPENSE_DTL_12b","I49","amount_25","java.lang.String","#,##0.00_);(#,##0.00)"
"EXPENSE_DTL_12b","C50","_501_c_3_nonprofit_organizations_organization_name_20","java.lang.String","@"
"EXPENSE_DTL_12b","D50","organization_or_person_26","java.lang.String","@"
"EXPENSE_DTL_12b","E50","reason_26","java.lang.String","@"
"EXPENSE_DTL_12b","F50","check_26","java.lang.String","@"
"EXPENSE_DTL_12b","G50","check_date_20","java.lang.String","@"
"EXPENSE_DTL_12b","H50","fed_id_number_20","java.lang.String","@"
"EXPENSE_DTL_12b","I50","amount_26","java.lang.String","#,##0.00_);(#,##0.00)"
"EXPENSE_DTL_12b","C51","_501_c_3_nonprofit_organizations_organization_name_21","java.lang.String","@"
"EXPENSE_DTL_12b","D51","organization_or_person_27","java.lang.String","@"
"EXPENSE_DTL_12b","E51","reason_27","java.lang.String","@"
"EXPENSE_DTL_12b","F51","check_27","java.lang.String","@"
"EXPENSE_DTL_12b","G51","check_date_21","java.lang.String","@"
"EXPENSE_DTL_12b","H51","fed_id_number_21","java.lang.String","@"
"EXPENSE_DTL_12b","I51","amount_27","java.lang.String","#,##0.00_);(#,##0.00)"
"EXPENSE_DTL_12b","C52","_501_c_3_nonprofit_organizations_organization_name_22","java.lang.String","@"
"EXPENSE_DTL_12b","D52","organization_or_person_28","java.lang.String","@"
"EXPENSE_DTL_12b","E52","reason_28","java.lang.String","@"
"EXPENSE_DTL_12b","F52","check_28","java.lang.String","@"
"EXPENSE_DTL_12b","G52","check_date_22","java.lang.String","@"
"EXPENSE_DTL_12b","H52","fed_id_number_22","java.lang.String","@"
"EXPENSE_DTL_12b","I52","amount_28","java.lang.String","#,##0.00_);(#,##0.00)"
"EXPENSE_DTL_12b","C53","_501_c_3_nonprofit_organizations_organization_name_23","java.lang.String","@"
"EXPENSE_DTL_12b","D53","organization_or_person_29","java.lang.String","@"
"EXPENSE_DTL_12b","E53","reason_29","java.lang.String","@"
"EXPENSE_DTL_12b","F53","check_29","java.lang.String","@"
"EXPENSE_DTL_12b","G53","check_date_23","java.lang.String","@"
"EXPENSE_DTL_12b","H53","fed_id_number_23","java.lang.String","@"
"EXPENSE_DTL_12b","I53","amount_29","java.lang.String","#,##0.00_);(#,##0.00)"
"EXPENSE_DTL_12b","C54","_501_c_3_nonprofit_organizations_organization_name_24","java.lang.String","@"
"EXPENSE_DTL_12b","D54","organization_or_person_30","java.lang.String","@"
"EXPENSE_DTL_12b","E54","reason_30","java.lang.String","@"
"EXPENSE_DTL_12b","F54","check_30","java.lang.String","@"
"EXPENSE_DTL_12b","G54","check_date_24","java.lang.String","@"
"EXPENSE_DTL_12b","H54","fed_id_number_24","java.lang.String","@"
"EXPENSE_DTL_12b","I54","amount_30","java.lang.String","#,##0.00_);(#,##0.00)"
"EXPENSE_DTL_12b","C55","_501_c_3_nonprofit_organizations_organization_name_25","java.lang.String","@"
"EXPENSE_DTL_12b","D55","organization_or_person_31","java.lang.String","@"
"EXPENSE_DTL_12b","E55","reason_31","java.lang.String","@"
"EXPENSE_DTL_12b","F55","check_31","java.lang.String","@"
"EXPENSE_DTL_12b","G55","check_date_25","java.lang.String","@"
"EXPENSE_DTL_12b","H55","fed_id_number_25","java.lang.String","@"
"EXPENSE_DTL_12b","I55","amount_31","java.lang.String","#,##0.00_);(#,##0.00)"
"EXPENSE_DTL_12b","I56","amount_show_total_on_pg_4_line_29","java.lang.Double","#,##0.00_);(#,##0.00)"
