sheetName,cellRef,fieldName,javaType,excelFormat
"FINANCE_COMM_13","C2","finance_comm_13_r2c3","java.lang.Double","General"
"FINANCE_COMM_13","C3","contents_b59","java.lang.Double","General"
"FINANCE_COMM_13","C4","contents_e_3","java.lang.Double","General"
"FINANCE_COMM_13","C6","contents_e_4","java.lang.Double","General"
"FINANCE_COMM_13","C11","mark_only_one","java.lang.String","General"
"FINANCE_COMM_13","C12","mark_only_one_2","java.lang.String","General"
"FINANCE_COMM_13","C13","mark_only_one_3","java.lang.String","General"
"FINANCE_COMM_13","D17","sca_name_seneschal","java.lang.Double","General"
"FINANCE_COMM_13","E17","number_if_contents_c_9_contents_c_9","java.lang.String","0"
"FINANCE_COMM_13","F17","mm_yyyy_if_contents_c_9_contents_c_9","java.lang.String","mmm/yyyy"
"FINANCE_COMM_13","D18","if_contents_c_9_contents_c_9","java.lang.String","@"
"FINANCE_COMM_13","E18","number","java.lang.String","0"
"FINANCE_COMM_13","F18","mm_yyyy","java.lang.String","mmm/yyyy"
"FINANCE_COMM_13","D19","if_contents_c_9_contents_c_9_exchequer","java.lang.Double","General"
"FINANCE_COMM_13","E19","number_if_contents_c_10_contents_c_10","java.lang.Double","0"
"FINANCE_COMM_13","F19","mm_yyyy_if_isblank_contact_info_1_h15_contact_info_1_h15","java.lang.Double","mmm/yyyy"
"FINANCE_COMM_13","D20","if_contents_c_10_contents_c_10","java.lang.Double","General"
"FINANCE_COMM_13","C21","exchequer","java.lang.String","@"
"FINANCE_COMM_13","D21","if_isblank_contact_info_1_d16_contact_info_1_d16","java.lang.String","@"
"FINANCE_COMM_13","E21","if_isblank_contact_info_1_h15_contact_info_1_h15","java.lang.String","0"
"FINANCE_COMM_13","F21","if_isblank_contact_info_1_h16_contact_info_1_h16","java.lang.String","mmm/yyyy"
"FINANCE_COMM_13","C22","exchequer_2","java.lang.String","@"
"FINANCE_COMM_13","D22","if_isblank_contact_info_1_d16_contact_info_1_d16_2","java.lang.String","@"
"FINANCE_COMM_13","E22","if_isblank_contact_info_1_h15_contact_info_1_h15_2","java.lang.String","0"
"FINANCE_COMM_13","F22","if_isblank_contact_info_1_h16_contact_info_1_h16_2","java.lang.String","mmm/yyyy"
"FINANCE_COMM_13","C23","exchequer_3","java.lang.String","@"
"FINANCE_COMM_13","D23","if_isblank_contact_info_1_d16_contact_info_1_d16_3","java.lang.String","@"
"FINANCE_COMM_13","E23","if_isblank_contact_info_1_h15_contact_info_1_h15_3","java.lang.String","0"
"FINANCE_COMM_13","F23","if_isblank_contact_info_1_h16_contact_info_1_h16_3","java.lang.String","mmm/yyyy"
"FINANCE_COMM_13","C24","exchequer_4","java.lang.String","@"
"FINANCE_COMM_13","D24","if_isblank_contact_info_1_d16_contact_info_1_d16_4","java.lang.String","@"
"FINANCE_COMM_13","E24","if_isblank_contact_info_1_h15_contact_info_1_h15_4","java.lang.String","0"
"FINANCE_COMM_13","F24","if_isblank_contact_info_1_h16_contact_info_1_h16_4","java.lang.String","mmm/yyyy"
"FINANCE_COMM_13","C25","exchequer_5","java.lang.String","@"
"FINANCE_COMM_13","D25","if_isblank_contact_info_1_d16_contact_info_1_d16_5","java.lang.String","@"
"FINANCE_COMM_13","E25","if_isblank_contact_info_1_h15_contact_info_1_h15_5","java.lang.String","0"
"FINANCE_COMM_13","F25","if_isblank_contact_info_1_h16_contact_info_1_h16_5","java.lang.String","mmm/yyyy"
"FINANCE_COMM_13","C26","exchequer_6","java.lang.String","@"
"FINANCE_COMM_13","D26","if_isblank_contact_info_1_d16_contact_info_1_d16_6","java.lang.String","@"
"FINANCE_COMM_13","E26","if_isblank_contact_info_1_h15_contact_info_1_h15_6","java.lang.String","0"
"FINANCE_COMM_13","F26","if_isblank_contact_info_1_h16_contact_info_1_h16_6","java.lang.String","mmm/yyyy"
"FINANCE_COMM_13","C27","exchequer_7","java.lang.String","@"
"FINANCE_COMM_13","D27","if_isblank_contact_info_1_d16_contact_info_1_d16_7","java.lang.String","@"
"FINANCE_COMM_13","E27","if_isblank_contact_info_1_h15_contact_info_1_h15_7","java.lang.String","0"
"FINANCE_COMM_13","F27","if_isblank_contact_info_1_h16_contact_info_1_h16_7","java.lang.String","mmm/yyyy"
"FINANCE_COMM_13","C28","exchequer_8","java.lang.String","@"
"FINANCE_COMM_13","D28","if_isblank_contact_info_1_d16_contact_info_1_d16_8","java.lang.String","@"
"FINANCE_COMM_13","E28","if_isblank_contact_info_1_h15_contact_info_1_h15_8","java.lang.String","0"
"FINANCE_COMM_13","F28","if_isblank_contact_info_1_h16_contact_info_1_h16_8","java.lang.String","mmm/yyyy"
"FINANCE_COMM_13","C29","exchequer_9","java.lang.String","@"
"FINANCE_COMM_13","D29","if_isblank_contact_info_1_d16_contact_info_1_d16_9","java.lang.String","@"
"FINANCE_COMM_13","E29","if_isblank_contact_info_1_h15_contact_info_1_h15_9","java.lang.String","0"
"FINANCE_COMM_13","F29","if_isblank_contact_info_1_h16_contact_info_1_h16_9","java.lang.String","mmm/yyyy"
"FINANCE_COMM_13","C30","exchequer_10","java.lang.String","@"
"FINANCE_COMM_13","D30","if_isblank_contact_info_1_d16_contact_info_1_d16_10","java.lang.String","@"
"FINANCE_COMM_13","E30","if_isblank_contact_info_1_h15_contact_info_1_h15_10","java.lang.String","0"
"FINANCE_COMM_13","F30","if_isblank_contact_info_1_h16_contact_info_1_h16_10","java.lang.String","mmm/yyyy"
"FINANCE_COMM_13","C31","exchequer_11","java.lang.String","@"
"FINANCE_COMM_13","D31","if_isblank_contact_info_1_d16_contact_info_1_d16_11","java.lang.String","@"
"FINANCE_COMM_13","E31","if_isblank_contact_info_1_h15_contact_info_1_h15_11","java.lang.String","0"
"FINANCE_COMM_13","F31","if_isblank_contact_info_1_h16_contact_info_1_h16_11","java.lang.String","mmm/yyyy"
"FINANCE_COMM_13","C32","exchequer_12","java.lang.String","@"
"FINANCE_COMM_13","D32","if_isblank_contact_info_1_d16_contact_info_1_d16_12","java.lang.String","@"
"FINANCE_COMM_13","E32","if_isblank_contact_info_1_h15_contact_info_1_h15_12","java.lang.String","0"
"FINANCE_COMM_13","F32","if_isblank_contact_info_1_h16_contact_info_1_h16_12","java.lang.String","mmm/yyyy"
"FINANCE_COMM_13","C33","exchequer_13","java.lang.String","@"
"FINANCE_COMM_13","D33","if_isblank_contact_info_1_d16_contact_info_1_d16_13","java.lang.String","@"
"FINANCE_COMM_13","E33","if_isblank_contact_info_1_h15_contact_info_1_h15_13","java.lang.String","0"
"FINANCE_COMM_13","F33","if_isblank_contact_info_1_h16_contact_info_1_h16_13","java.lang.String","mmm/yyyy"
"FINANCE_COMM_13","C34","exchequer_14","java.lang.String","@"
"FINANCE_COMM_13","D34","if_isblank_contact_info_1_d16_contact_info_1_d16_14","java.lang.String","@"
"FINANCE_COMM_13","E34","if_isblank_contact_info_1_h15_contact_info_1_h15_14","java.lang.String","0"
"FINANCE_COMM_13","F34","if_isblank_contact_info_1_h16_contact_info_1_h16_14","java.lang.String","mmm/yyyy"
"FINANCE_COMM_13","C35","exchequer_15","java.lang.String","@"
"FINANCE_COMM_13","D35","if_isblank_contact_info_1_d16_contact_info_1_d16_15","java.lang.String","@"
"FINANCE_COMM_13","E35","if_isblank_contact_info_1_h15_contact_info_1_h15_15","java.lang.String","0"
"FINANCE_COMM_13","F35","if_isblank_contact_info_1_h16_contact_info_1_h16_15","java.lang.String","mmm/yyyy"
"FINANCE_COMM_13","C36","exchequer_16","java.lang.String","@"
"FINANCE_COMM_13","D36","if_isblank_contact_info_1_d16_contact_info_1_d16_16","java.lang.String","@"
"FINANCE_COMM_13","E36","if_isblank_contact_info_1_h15_contact_info_1_h15_16","java.lang.String","0"
"FINANCE_COMM_13","F36","if_isblank_contact_info_1_h16_contact_info_1_h16_16","java.lang.String","mmm/yyyy"
"FINANCE_COMM_13","C37","exchequer_17","java.lang.String","@"
"FINANCE_COMM_13","D37","if_isblank_contact_info_1_d16_contact_info_1_d16_17","java.lang.String","@"
"FINANCE_COMM_13","E37","if_isblank_contact_info_1_h15_contact_info_1_h15_17","java.lang.String","0"
"FINANCE_COMM_13","F37","if_isblank_contact_info_1_h16_contact_info_1_h16_17","java.lang.String","mmm/yyyy"
"FINANCE_COMM_13","C38","exchequer_18","java.lang.String","@"
"FINANCE_COMM_13","D38","if_isblank_contact_info_1_d16_contact_info_1_d16_18","java.lang.String","@"
"FINANCE_COMM_13","E38","if_isblank_contact_info_1_h15_contact_info_1_h15_18","java.lang.String","0"
"FINANCE_COMM_13","F38","if_isblank_contact_info_1_h16_contact_info_1_h16_18","java.lang.String","mmm/yyyy"
"FINANCE_COMM_13","C39","exchequer_19","java.lang.String","@"
"FINANCE_COMM_13","D39","if_isblank_contact_info_1_d16_contact_info_1_d16_19","java.lang.String","@"
"FINANCE_COMM_13","E39","if_isblank_contact_info_1_h15_contact_info_1_h15_19","java.lang.String","0"
"FINANCE_COMM_13","F39","if_isblank_contact_info_1_h16_contact_info_1_h16_19","java.lang.String","mmm/yyyy"
"FINANCE_COMM_13","C40","exchequer_20","java.lang.String","@"
"FINANCE_COMM_13","D40","if_isblank_contact_info_1_d16_contact_info_1_d16_20","java.lang.String","@"
"FINANCE_COMM_13","E40","if_isblank_contact_info_1_h15_contact_info_1_h15_20","java.lang.String","0"
"FINANCE_COMM_13","F40","if_isblank_contact_info_1_h16_contact_info_1_h16_20","java.lang.String","mmm/yyyy"
"FINANCE_COMM_13","C41","exchequer_21","java.lang.String","@"
"FINANCE_COMM_13","D41","if_isblank_contact_info_1_d16_contact_info_1_d16_21","java.lang.String","@"
"FINANCE_COMM_13","E41","if_isblank_contact_info_1_h15_contact_info_1_h15_21","java.lang.String","0"
"FINANCE_COMM_13","F41","if_isblank_contact_info_1_h16_contact_info_1_h16_21","java.lang.String","mmm/yyyy"
"FINANCE_COMM_13","C42","exchequer_22","java.lang.String","@"
"FINANCE_COMM_13","D42","if_isblank_contact_info_1_d16_contact_info_1_d16_22","java.lang.String","@"
"FINANCE_COMM_13","E42","if_isblank_contact_info_1_h15_contact_info_1_h15_22","java.lang.String","0"
"FINANCE_COMM_13","F42","if_isblank_contact_info_1_h16_contact_info_1_h16_22","java.lang.String","mmm/yyyy"
"FINANCE_COMM_13","C43","exchequer_23","java.lang.String","@"
"FINANCE_COMM_13","D43","if_isblank_contact_info_1_d16_contact_info_1_d16_23","java.lang.String","@"
"FINANCE_COMM_13","E43","if_isblank_contact_info_1_h15_contact_info_1_h15_23","java.lang.String","0"
"FINANCE_COMM_13","F43","if_isblank_contact_info_1_h16_contact_info_1_h16_23","java.lang.String","mmm/yyyy"
"FINANCE_COMM_13","C44","exchequer_24","java.lang.String","@"
"FINANCE_COMM_13","D44","if_isblank_contact_info_1_d16_contact_info_1_d16_24","java.lang.String","@"
"FINANCE_COMM_13","E44","if_isblank_contact_info_1_h15_contact_info_1_h15_24","java.lang.String","0"
"FINANCE_COMM_13","F44","if_isblank_contact_info_1_h16_contact_info_1_h16_24","java.lang.String","mmm/yyyy"
"FINANCE_COMM_13","C45","exchequer_25","java.lang.String","@"
"FINANCE_COMM_13","D45","if_isblank_contact_info_1_d16_contact_info_1_d16_25","java.lang.String","@"
"FINANCE_COMM_13","E45","if_isblank_contact_info_1_h15_contact_info_1_h15_25","java.lang.String","0"
"FINANCE_COMM_13","F45","if_isblank_contact_info_1_h16_contact_info_1_h16_25","java.lang.String","mmm/yyyy"
"FINANCE_COMM_13","C46","exchequer_26","java.lang.String","@"
"FINANCE_COMM_13","D46","if_isblank_contact_info_1_d16_contact_info_1_d16_26","java.lang.String","@"
"FINANCE_COMM_13","E46","if_isblank_contact_info_1_h15_contact_info_1_h15_26","java.lang.String","0"
"FINANCE_COMM_13","F46","if_isblank_contact_info_1_h16_contact_info_1_h16_26","java.lang.String","mmm/yyyy"
"FINANCE_COMM_13","C47","exchequer_27","java.lang.String","@"
"FINANCE_COMM_13","D47","if_isblank_contact_info_1_d16_contact_info_1_d16_27","java.lang.String","@"
"FINANCE_COMM_13","E47","if_isblank_contact_info_1_h15_contact_info_1_h15_27","java.lang.String","0"
"FINANCE_COMM_13","F47","if_isblank_contact_info_1_h16_contact_info_1_h16_27","java.lang.String","mmm/yyyy"
"FINANCE_COMM_13","C48","exchequer_28","java.lang.String","@"
"FINANCE_COMM_13","D48","if_isblank_contact_info_1_d16_contact_info_1_d16_28","java.lang.String","@"
"FINANCE_COMM_13","E48","if_isblank_contact_info_1_h15_contact_info_1_h15_28","java.lang.String","0"
"FINANCE_COMM_13","F48","if_isblank_contact_info_1_h16_contact_info_1_h16_28","java.lang.String","mmm/yyyy"
"FINANCE_COMM_13","C49","exchequer_29","java.lang.String","@"
"FINANCE_COMM_13","D49","if_isblank_contact_info_1_d16_contact_info_1_d16_29","java.lang.String","@"
"FINANCE_COMM_13","E49","if_isblank_contact_info_1_h15_contact_info_1_h15_29","java.lang.String","0"
"FINANCE_COMM_13","F49","if_isblank_contact_info_1_h16_contact_info_1_h16_29","java.lang.String","mmm/yyyy"
"FINANCE_COMM_13","C50","exchequer_30","java.lang.String","@"
"FINANCE_COMM_13","D50","if_isblank_contact_info_1_d16_contact_info_1_d16_30","java.lang.String","@"
"FINANCE_COMM_13","E50","if_isblank_contact_info_1_h15_contact_info_1_h15_30","java.lang.String","0"
"FINANCE_COMM_13","F50","if_isblank_contact_info_1_h16_contact_info_1_h16_30","java.lang.String","mmm/yyyy"
"FINANCE_COMM_13","C51","exchequer_31","java.lang.String","@"
"FINANCE_COMM_13","D51","if_isblank_contact_info_1_d16_contact_info_1_d16_31","java.lang.String","@"
"FINANCE_COMM_13","E51","if_isblank_contact_info_1_h15_contact_info_1_h15_31","java.lang.String","0"
"FINANCE_COMM_13","F51","if_isblank_contact_info_1_h16_contact_info_1_h16_31","java.lang.String","mmm/yyyy"
"FINANCE_COMM_13","C52","exchequer_32","java.lang.String","@"
"FINANCE_COMM_13","D52","if_isblank_contact_info_1_d16_contact_info_1_d16_32","java.lang.String","@"
"FINANCE_COMM_13","E52","if_isblank_contact_info_1_h15_contact_info_1_h15_32","java.lang.String","0"
"FINANCE_COMM_13","F52","if_isblank_contact_info_1_h16_contact_info_1_h16_32","java.lang.String","mmm/yyyy"
"FINANCE_COMM_13","C53","exchequer_33","java.lang.String","@"
"FINANCE_COMM_13","D53","if_isblank_contact_info_1_d16_contact_info_1_d16_33","java.lang.String","@"
"FINANCE_COMM_13","E53","if_isblank_contact_info_1_h15_contact_info_1_h15_33","java.lang.String","0"
"FINANCE_COMM_13","F53","if_isblank_contact_info_1_h16_contact_info_1_h16_33","java.lang.String","mmm/yyyy"
"FINANCE_COMM_13","C54","exchequer_34","java.lang.String","@"
"FINANCE_COMM_13","D54","if_isblank_contact_info_1_d16_contact_info_1_d16_34","java.lang.String","@"
"FINANCE_COMM_13","E54","if_isblank_contact_info_1_h15_contact_info_1_h15_34","java.lang.String","0"
"FINANCE_COMM_13","F54","if_isblank_contact_info_1_h16_contact_info_1_h16_34","java.lang.String","mmm/yyyy"
"FINANCE_COMM_13","C60","x","java.lang.Double","General"
