sheetName,cellRef,fieldName,javaType,excelFormat
"FUNDS_14","C2","funds_14_r2c3","java.lang.Double","General"
"FUNDS_14","C3","contents_b59","java.lang.Double","General"
"FUNDS_14","C4","contents_e_3","java.lang.Double","General"
"FUNDS_14","D6","funds_14_r6c4","java.lang.Double","General"
"FUNDS_14","F11","total_of_lines_i_a_end_and_i_b_end_on_the_comparative_balance_sheet_cash","java.lang.Double","#,##0.00_);(#,##0.00)"
"FUNDS_14","F14","end_of_period_all_non_dedicated_funds","java.lang.String","#,##0.00_);(#,##0.00)"
"FUNDS_14","D15","general_fund_2_0","java.lang.String","@"
"FUNDS_14","E15","all_non_dedicated_funds_2_0","java.lang.String","@"
"FUNDS_14","F15","end_of_period_2_0","java.lang.String","#,##0.00_);(#,##0.00)"
"FUNDS_14","D16","general_fund_3_0","java.lang.String","@"
"FUNDS_14","E16","all_non_dedicated_funds_3_0","java.lang.String","@"
"FUNDS_14","F16","end_of_period_3_0","java.lang.String","#,##0.00_);(#,##0.00)"
"FUNDS_14","D17","general_fund_4_0","java.lang.String","@"
"FUNDS_14","E17","all_non_dedicated_funds_4_0","java.lang.String","@"
"FUNDS_14","F17","end_of_period_4_0","java.lang.String","#,##0.00_);(#,##0.00)"
"FUNDS_14","D18","general_fund_5_0","java.lang.String","@"
"FUNDS_14","E18","all_non_dedicated_funds_5_0","java.lang.String","@"
"FUNDS_14","F18","end_of_period_5_0","java.lang.String","#,##0.00_);(#,##0.00)"
"FUNDS_14","D19","general_fund_6_0","java.lang.String","@"
"FUNDS_14","E19","all_non_dedicated_funds_6_0","java.lang.String","@"
"FUNDS_14","F19","end_of_period_6_0","java.lang.String","#,##0.00_);(#,##0.00)"
"FUNDS_14","D20","general_fund_7_0","java.lang.String","@"
"FUNDS_14","E20","all_non_dedicated_funds_7_0","java.lang.String","@"
"FUNDS_14","F20","end_of_period_7_0","java.lang.String","#,##0.00_);(#,##0.00)"
"FUNDS_14","D21","general_fund_8_0","java.lang.String","@"
"FUNDS_14","E21","all_non_dedicated_funds_8_0","java.lang.String","@"
"FUNDS_14","F21","end_of_period_8_0","java.lang.String","#,##0.00_);(#,##0.00)"
"FUNDS_14","D22","general_fund_9_0","java.lang.String","@"
"FUNDS_14","E22","all_non_dedicated_funds_9_0","java.lang.String","@"
"FUNDS_14","F22","end_of_period_9_0","java.lang.String","#,##0.00_);(#,##0.00)"
"FUNDS_14","D23","general_fund_10_0","java.lang.String","@"
"FUNDS_14","E23","all_non_dedicated_funds_10_0","java.lang.String","@"
"FUNDS_14","F23","end_of_period_10_0","java.lang.String","#,##0.00_);(#,##0.00)"
"FUNDS_14","D24","general_fund_11_0","java.lang.String","@"
"FUNDS_14","E24","all_non_dedicated_funds_11_0","java.lang.String","@"
"FUNDS_14","F24","end_of_period_11_0","java.lang.String","#,##0.00_);(#,##0.00)"
"FUNDS_14","D25","general_fund_12_0","java.lang.String","@"
"FUNDS_14","E25","all_non_dedicated_funds_12_0","java.lang.String","@"
"FUNDS_14","F25","end_of_period_12_0","java.lang.String","#,##0.00_);(#,##0.00)"
"FUNDS_14","D26","general_fund_13_0","java.lang.String","@"
"FUNDS_14","E26","all_non_dedicated_funds_13_0","java.lang.String","@"
"FUNDS_14","F26","end_of_period_13_0","java.lang.String","#,##0.00_);(#,##0.00)"
"FUNDS_14","D27","general_fund_14_0","java.lang.String","@"
"FUNDS_14","E27","all_non_dedicated_funds_14_0","java.lang.String","@"
"FUNDS_14","F27","end_of_period_14_0","java.lang.String","#,##0.00_);(#,##0.00)"
"FUNDS_14","D28","general_fund_15_0","java.lang.String","@"
"FUNDS_14","E28","all_non_dedicated_funds_15_0","java.lang.String","@"
"FUNDS_14","F28","end_of_period_15_0","java.lang.String","#,##0.00_);(#,##0.00)"
"FUNDS_14","D29","general_fund_16_0","java.lang.String","@"
"FUNDS_14","E29","all_non_dedicated_funds_16_0","java.lang.String","@"
"FUNDS_14","F29","end_of_period_16_0","java.lang.String","#,##0.00_);(#,##0.00)"
"FUNDS_14","D30","general_fund_17_0","java.lang.String","@"
"FUNDS_14","E30","all_non_dedicated_funds_17_0","java.lang.String","@"
"FUNDS_14","F30","end_of_period_17_0","java.lang.String","#,##0.00_);(#,##0.00)"
"FUNDS_14","D31","general_fund_18_0","java.lang.String","@"
"FUNDS_14","E31","all_non_dedicated_funds_18_0","java.lang.String","@"
"FUNDS_14","F31","end_of_period_18_0","java.lang.String","#,##0.00_);(#,##0.00)"
"FUNDS_14","D32","general_fund_19_0","java.lang.String","@"
"FUNDS_14","E32","all_non_dedicated_funds_19_0","java.lang.String","@"
"FUNDS_14","F32","end_of_period_19_0","java.lang.String","#,##0.00_);(#,##0.00)"
"FUNDS_14","D33","general_fund_20_0","java.lang.String","@"
"FUNDS_14","E33","all_non_dedicated_funds_20_0","java.lang.String","@"
"FUNDS_14","F33","end_of_period_20_0","java.lang.String","#,##0.00_);(#,##0.00)"
"FUNDS_14","D34","general_fund_21_0","java.lang.String","@"
"FUNDS_14","E34","all_non_dedicated_funds_21_0","java.lang.String","@"
"FUNDS_14","F34","end_of_period_21_0","java.lang.String","#,##0.00_);(#,##0.00)"
"FUNDS_14","D35","general_fund_22_0","java.lang.String","@"
"FUNDS_14","E35","all_non_dedicated_funds_22_0","java.lang.String","@"
"FUNDS_14","F35","end_of_period_22_0","java.lang.String","#,##0.00_);(#,##0.00)"
"FUNDS_14","D36","general_fund_23_0","java.lang.String","@"
"FUNDS_14","E36","all_non_dedicated_funds_23_0","java.lang.String","@"
"FUNDS_14","F36","end_of_period_23_0","java.lang.String","#,##0.00_);(#,##0.00)"
"FUNDS_14","D37","general_fund_24_0","java.lang.String","@"
"FUNDS_14","E37","all_non_dedicated_funds_24_0","java.lang.String","@"
"FUNDS_14","F37","end_of_period_24_0","java.lang.String","#,##0.00_);(#,##0.00)"
"FUNDS_14","D38","general_fund_25_0","java.lang.String","@"
"FUNDS_14","E38","all_non_dedicated_funds_25_0","java.lang.String","@"
"FUNDS_14","F38","end_of_period_25_0","java.lang.String","#,##0.00_);(#,##0.00)"
"FUNDS_14","D39","general_fund_26_0","java.lang.String","@"
"FUNDS_14","E39","all_non_dedicated_funds_26_0","java.lang.String","@"
"FUNDS_14","F39","end_of_period_26_0","java.lang.String","#,##0.00_);(#,##0.00)"
"FUNDS_14","D40","general_fund_27_0","java.lang.String","@"
"FUNDS_14","E40","all_non_dedicated_funds_27_0","java.lang.String","@"
"FUNDS_14","F40","end_of_period_27_0","java.lang.String","#,##0.00_);(#,##0.00)"
"FUNDS_14","D41","general_fund_28_0","java.lang.String","@"
"FUNDS_14","E41","all_non_dedicated_funds_28_0","java.lang.String","@"
"FUNDS_14","F41","end_of_period_28_0","java.lang.String","#,##0.00_);(#,##0.00)"
"FUNDS_14","D42","general_fund_29_0","java.lang.String","@"
"FUNDS_14","E42","all_non_dedicated_funds_29_0","java.lang.String","@"
"FUNDS_14","F42","end_of_period_29_0","java.lang.String","#,##0.00_);(#,##0.00)"
"FUNDS_14","D43","general_fund_30_0","java.lang.String","@"
"FUNDS_14","E43","all_non_dedicated_funds_30_0","java.lang.String","@"
"FUNDS_14","F43","end_of_period_30_0","java.lang.String","#,##0.00_);(#,##0.00)"
"FUNDS_14","D44","general_fund_31_0","java.lang.String","@"
"FUNDS_14","E44","all_non_dedicated_funds_31_0","java.lang.String","@"
"FUNDS_14","F44","end_of_period_31_0","java.lang.String","#,##0.00_);(#,##0.00)"
"FUNDS_14","D45","general_fund_32_0","java.lang.String","@"
"FUNDS_14","E45","all_non_dedicated_funds_32_0","java.lang.String","@"
"FUNDS_14","F45","end_of_period_32_0","java.lang.String","#,##0.00_);(#,##0.00)"
"FUNDS_14","D46","general_fund_33_0","java.lang.String","@"
"FUNDS_14","E46","all_non_dedicated_funds_33_0","java.lang.String","@"
"FUNDS_14","F46","end_of_period_33_0","java.lang.String","#,##0.00_);(#,##0.00)"
"FUNDS_14","D47","general_fund_34_0","java.lang.String","@"
"FUNDS_14","E47","all_non_dedicated_funds_34_0","java.lang.String","@"
"FUNDS_14","F47","end_of_period_34_0","java.lang.String","#,##0.00_);(#,##0.00)"
"FUNDS_14","D48","general_fund_35_0","java.lang.String","@"
"FUNDS_14","E48","all_non_dedicated_funds_35_0","java.lang.String","@"
"FUNDS_14","F48","end_of_period_35_0","java.lang.String","#,##0.00_);(#,##0.00)"
"FUNDS_14","D49","general_fund_36_0","java.lang.String","@"
"FUNDS_14","E49","all_non_dedicated_funds_36_0","java.lang.String","@"
"FUNDS_14","F49","end_of_period_36_0","java.lang.String","#,##0.00_);(#,##0.00)"
"FUNDS_14","D50","general_fund_37_0","java.lang.String","@"
"FUNDS_14","E50","all_non_dedicated_funds_37_0","java.lang.String","@"
"FUNDS_14","F50","end_of_period_37_0","java.lang.String","#,##0.00_);(#,##0.00)"
"FUNDS_14","D51","general_fund_38_0","java.lang.String","@"
"FUNDS_14","E51","all_non_dedicated_funds_38_0","java.lang.String","@"
"FUNDS_14","F51","end_of_period_38_0","java.lang.String","#,##0.00_);(#,##0.00)"
"FUNDS_14","D52","general_fund_39_0","java.lang.String","@"
"FUNDS_14","E52","all_non_dedicated_funds_39_0","java.lang.String","@"
"FUNDS_14","F52","end_of_period_39_0","java.lang.String","#,##0.00_);(#,##0.00)"
"FUNDS_14","D53","general_fund_40_0","java.lang.String","@"
"FUNDS_14","E53","all_non_dedicated_funds_40_0","java.lang.String","@"
"FUNDS_14","F53","end_of_period_40_0","java.lang.String","#,##0.00_);(#,##0.00)"
"FUNDS_14","D54","general_fund_41_0","java.lang.String","@"
"FUNDS_14","E54","all_non_dedicated_funds_41_0","java.lang.String","@"
"FUNDS_14","F54","end_of_period_41_0","java.lang.String","#,##0.00_);(#,##0.00)"
"FUNDS_14","D55","general_fund_42_0","java.lang.String","@"
"FUNDS_14","E55","all_non_dedicated_funds_42_0","java.lang.String","@"
"FUNDS_14","F55","end_of_period_42_0","java.lang.String","#,##0.00_);(#,##0.00)"
"FUNDS_14","F56","end_of_period_total","java.lang.Double","#,##0.00_);(#,##0.00)"
