sheetName,cellRef,fieldName,javaType,excelFormat
"INCOME_DTL_11c","C2","income_dtl_11c_r2c3","java.lang.Double","General"
"INCOME_DTL_11c","C3","contents_b59","java.lang.Double","General"
"INCOME_DTL_11c","C4","contents_e_3","java.lang.Double","General"
"INCOME_DTL_11c","C6","contents_e_4","java.lang.Double","General"
"INCOME_DTL_11c","C13","name_of_organization_or_individual","java.lang.String","@"
"INCOME_DTL_11c","D13","reason","java.lang.String","@"
"INCOME_DTL_11c","E13","income_dtl_11c_r13c5","java.lang.String","@"
"INCOME_DTL_11c","F13","date_received","java.lang.String","@"
"INCOME_DTL_11c","G13","amount","java.lang.String","#,##0.00_);(#,##0.00)"
"INCOME_DTL_11c","C14","name_of_organization_or_individual_2","java.lang.String","@"
"INCOME_DTL_11c","D14","reason_2","java.lang.String","@"
"INCOME_DTL_11c","E14","income_dtl_11c_r14c5","java.lang.String","@"
"INCOME_DTL_11c","F14","date_received_2","java.lang.String","@"
"INCOME_DTL_11c","G14","amount_2","java.lang.String","#,##0.00_);(#,##0.00)"
"INCOME_DTL_11c","C15","name_of_organization_or_individual_3","java.lang.String","@"
"INCOME_DTL_11c","D15","reason_3","java.lang.String","@"
"INCOME_DTL_11c","E15","income_dtl_11c_r15c5","java.lang.String","@"
"INCOME_DTL_11c","F15","date_received_3","java.lang.String","@"
"INCOME_DTL_11c","G15","amount_3","java.lang.String","#,##0.00_);(#,##0.00)"
"INCOME_DTL_11c","C16","name_of_organization_or_individual_4","java.lang.String","@"
"INCOME_DTL_11c","D16","reason_4","java.lang.String","@"
"INCOME_DTL_11c","E16","income_dtl_11c_r16c5","java.lang.String","@"
"INCOME_DTL_11c","F16","date_received_4","java.lang.String","@"
"INCOME_DTL_11c","G16","amount_4","java.lang.String","#,##0.00_);(#,##0.00)"
"INCOME_DTL_11c","C17","name_of_organization_or_individual_5","java.lang.String","@"
"INCOME_DTL_11c","D17","reason_5","java.lang.String","@"
"INCOME_DTL_11c","E17","income_dtl_11c_r17c5","java.lang.String","@"
"INCOME_DTL_11c","F17","date_received_5","java.lang.String","@"
"INCOME_DTL_11c","G17","amount_5","java.lang.String","#,##0.00_);(#,##0.00)"
"INCOME_DTL_11c","C18","name_of_organization_or_individual_6","java.lang.String","@"
"INCOME_DTL_11c","D18","reason_6","java.lang.String","@"
"INCOME_DTL_11c","E18","income_dtl_11c_r18c5","java.lang.String","@"
"INCOME_DTL_11c","F18","date_received_6","java.lang.String","@"
"INCOME_DTL_11c","G18","amount_6","java.lang.String","#,##0.00_);(#,##0.00)"
"INCOME_DTL_11c","C19","name_of_organization_or_individual_7","java.lang.String","@"
"INCOME_DTL_11c","D19","reason_7","java.lang.String","@"
"INCOME_DTL_11c","E19","income_dtl_11c_r19c5","java.lang.String","@"
"INCOME_DTL_11c","F19","date_received_7","java.lang.String","@"
"INCOME_DTL_11c","G19","amount_7","java.lang.String","#,##0.00_);(#,##0.00)"
"INCOME_DTL_11c","C20","name_of_organization_or_individual_8","java.lang.String","@"
"INCOME_DTL_11c","D20","reason_8","java.lang.String","@"
"INCOME_DTL_11c","E20","income_dtl_11c_r20c5","java.lang.String","@"
"INCOME_DTL_11c","F20","date_received_8","java.lang.String","@"
"INCOME_DTL_11c","G20","amount_8","java.lang.String","#,##0.00_);(#,##0.00)"
"INCOME_DTL_11c","C21","name_of_organization_or_individual_9","java.lang.String","@"
"INCOME_DTL_11c","D21","reason_9","java.lang.String","@"
"INCOME_DTL_11c","E21","income_dtl_11c_r21c5","java.lang.String","@"
"INCOME_DTL_11c","F21","date_received_9","java.lang.String","@"
"INCOME_DTL_11c","G21","amount_9","java.lang.String","#,##0.00_);(#,##0.00)"
"INCOME_DTL_11c","C22","name_of_organization_or_individual_10","java.lang.String","@"
"INCOME_DTL_11c","D22","reason_10","java.lang.String","@"
"INCOME_DTL_11c","E22","income_dtl_11c_r22c5","java.lang.String","@"
"INCOME_DTL_11c","F22","date_received_10","java.lang.String","@"
"INCOME_DTL_11c","G22","amount_10","java.lang.String","#,##0.00_);(#,##0.00)"
"INCOME_DTL_11c","C23","name_of_organization_or_individual_11","java.lang.String","@"
"INCOME_DTL_11c","D23","reason_11","java.lang.String","@"
"INCOME_DTL_11c","E23","income_dtl_11c_r23c5","java.lang.String","@"
"INCOME_DTL_11c","F23","date_received_11","java.lang.String","@"
"INCOME_DTL_11c","G23","amount_11","java.lang.String","#,##0.00_);(#,##0.00)"
"INCOME_DTL_11c","G24","amount_show_total_on_pg_4_line_1a","java.lang.Double","#,##0.00_);(#,##0.00)"
"INCOME_DTL_11c","C35","group_name_and_kingdom","java.lang.String","@"
"INCOME_DTL_11c","D35","reason_12","java.lang.String","@"
"INCOME_DTL_11c","E35","check","java.lang.String","@"
"INCOME_DTL_11c","F35","check_date","java.lang.String","mm/dd/yy;@"
"INCOME_DTL_11c","G35","amount_12","java.lang.String","#,##0.00_);(#,##0.00)"
"INCOME_DTL_11c","C36","group_name_and_kingdom_2","java.lang.String","@"
"INCOME_DTL_11c","D36","reason_13","java.lang.String","@"
"INCOME_DTL_11c","E36","check_2","java.lang.String","@"
"INCOME_DTL_11c","F36","check_date_2","java.lang.String","mm/dd/yy;@"
"INCOME_DTL_11c","G36","amount_13","java.lang.String","#,##0.00_);(#,##0.00)"
"INCOME_DTL_11c","C37","group_name_and_kingdom_3","java.lang.String","@"
"INCOME_DTL_11c","D37","reason_14","java.lang.String","@"
"INCOME_DTL_11c","E37","check_3","java.lang.String","@"
"INCOME_DTL_11c","F37","check_date_3","java.lang.String","mm/dd/yy;@"
"INCOME_DTL_11c","G37","amount_14","java.lang.String","#,##0.00_);(#,##0.00)"
"INCOME_DTL_11c","C38","group_name_and_kingdom_4","java.lang.String","@"
"INCOME_DTL_11c","D38","reason_15","java.lang.String","@"
"INCOME_DTL_11c","E38","check_4","java.lang.String","@"
"INCOME_DTL_11c","F38","check_date_4","java.lang.String","mm/dd/yy;@"
"INCOME_DTL_11c","G38","amount_15","java.lang.String","#,##0.00_);(#,##0.00)"
"INCOME_DTL_11c","C39","group_name_and_kingdom_5","java.lang.String","@"
"INCOME_DTL_11c","D39","reason_16","java.lang.String","@"
"INCOME_DTL_11c","E39","check_5","java.lang.String","@"
"INCOME_DTL_11c","F39","check_date_5","java.lang.String","mm/dd/yy;@"
"INCOME_DTL_11c","G39","amount_16","java.lang.String","#,##0.00_);(#,##0.00)"
"INCOME_DTL_11c","C40","group_name_and_kingdom_6","java.lang.String","@"
"INCOME_DTL_11c","D40","reason_17","java.lang.String","@"
"INCOME_DTL_11c","E40","check_6","java.lang.String","@"
"INCOME_DTL_11c","F40","check_date_6","java.lang.String","mm/dd/yy;@"
"INCOME_DTL_11c","G40","amount_17","java.lang.String","#,##0.00_);(#,##0.00)"
"INCOME_DTL_11c","C41","group_name_and_kingdom_7","java.lang.String","@"
"INCOME_DTL_11c","D41","reason_18","java.lang.String","@"
"INCOME_DTL_11c","E41","check_7","java.lang.String","@"
"INCOME_DTL_11c","F41","check_date_7","java.lang.String","mm/dd/yy;@"
"INCOME_DTL_11c","G41","amount_18","java.lang.String","#,##0.00_);(#,##0.00)"
"INCOME_DTL_11c","C42","group_name_and_kingdom_8","java.lang.String","@"
"INCOME_DTL_11c","D42","reason_19","java.lang.String","@"
"INCOME_DTL_11c","E42","check_8","java.lang.String","@"
"INCOME_DTL_11c","F42","check_date_8","java.lang.String","mm/dd/yy;@"
"INCOME_DTL_11c","G42","amount_19","java.lang.String","#,##0.00_);(#,##0.00)"
"INCOME_DTL_11c","C43","group_name_and_kingdom_9","java.lang.String","@"
"INCOME_DTL_11c","D43","reason_20","java.lang.String","@"
"INCOME_DTL_11c","E43","check_9","java.lang.String","@"
"INCOME_DTL_11c","F43","check_date_9","java.lang.String","mm/dd/yy;@"
"INCOME_DTL_11c","G43","amount_20","java.lang.String","#,##0.00_);(#,##0.00)"
"INCOME_DTL_11c","C44","group_name_and_kingdom_10","java.lang.String","@"
"INCOME_DTL_11c","D44","reason_21","java.lang.String","@"
"INCOME_DTL_11c","E44","check_10","java.lang.String","@"
"INCOME_DTL_11c","F44","check_date_10","java.lang.String","mm/dd/yy;@"
"INCOME_DTL_11c","G44","amount_21","java.lang.String","#,##0.00_);(#,##0.00)"
"INCOME_DTL_11c","C45","group_name_and_kingdom_11","java.lang.String","@"
"INCOME_DTL_11c","D45","reason_22","java.lang.String","@"
"INCOME_DTL_11c","E45","check_11","java.lang.String","@"
"INCOME_DTL_11c","F45","check_date_11","java.lang.String","mm/dd/yy;@"
"INCOME_DTL_11c","G45","amount_22","java.lang.String","#,##0.00_);(#,##0.00)"
"INCOME_DTL_11c","C46","group_name_and_kingdom_12","java.lang.String","@"
"INCOME_DTL_11c","D46","reason_23","java.lang.String","@"
"INCOME_DTL_11c","E46","check_12","java.lang.String","@"
"INCOME_DTL_11c","F46","check_date_12","java.lang.String","mm/dd/yy;@"
"INCOME_DTL_11c","G46","amount_23","java.lang.String","#,##0.00_);(#,##0.00)"
"INCOME_DTL_11c","C47","group_name_and_kingdom_13","java.lang.String","@"
"INCOME_DTL_11c","D47","reason_24","java.lang.String","@"
"INCOME_DTL_11c","E47","check_13","java.lang.String","@"
"INCOME_DTL_11c","F47","check_date_13","java.lang.String","mm/dd/yy;@"
"INCOME_DTL_11c","G47","amount_24","java.lang.String","#,##0.00_);(#,##0.00)"
"INCOME_DTL_11c","C48","group_name_and_kingdom_14","java.lang.String","@"
"INCOME_DTL_11c","D48","reason_25","java.lang.String","@"
"INCOME_DTL_11c","E48","check_14","java.lang.String","@"
"INCOME_DTL_11c","F48","check_date_14","java.lang.String","mm/dd/yy;@"
"INCOME_DTL_11c","G48","amount_25","java.lang.String","#,##0.00_);(#,##0.00)"
"INCOME_DTL_11c","C49","group_name_and_kingdom_15","java.lang.String","@"
"INCOME_DTL_11c","D49","reason_26","java.lang.String","@"
"INCOME_DTL_11c","E49","check_15","java.lang.String","@"
"INCOME_DTL_11c","F49","check_date_15","java.lang.String","mm/dd/yy;@"
"INCOME_DTL_11c","G49","amount_26","java.lang.String","#,##0.00_);(#,##0.00)"
"INCOME_DTL_11c","C50","group_name_and_kingdom_16","java.lang.String","@"
"INCOME_DTL_11c","D50","reason_27","java.lang.String","@"
"INCOME_DTL_11c","E50","check_16","java.lang.String","@"
"INCOME_DTL_11c","F50","check_date_16","java.lang.String","mm/dd/yy;@"
"INCOME_DTL_11c","G50","amount_27","java.lang.String","#,##0.00_);(#,##0.00)"
"INCOME_DTL_11c","C51","group_name_and_kingdom_17","java.lang.String","@"
"INCOME_DTL_11c","D51","reason_28","java.lang.String","@"
"INCOME_DTL_11c","E51","check_17","java.lang.String","@"
"INCOME_DTL_11c","F51","check_date_17","java.lang.String","mm/dd/yy;@"
"INCOME_DTL_11c","G51","amount_28","java.lang.String","#,##0.00_);(#,##0.00)"
"INCOME_DTL_11c","C52","group_name_and_kingdom_18","java.lang.String","@"
"INCOME_DTL_11c","D52","reason_29","java.lang.String","@"
"INCOME_DTL_11c","E52","check_18","java.lang.String","@"
"INCOME_DTL_11c","F52","check_date_18","java.lang.String","mm/dd/yy;@"
"INCOME_DTL_11c","G52","amount_29","java.lang.String","#,##0.00_);(#,##0.00)"
"INCOME_DTL_11c","C53","group_name_and_kingdom_19","java.lang.String","@"
"INCOME_DTL_11c","D53","reason_30","java.lang.String","@"
"INCOME_DTL_11c","E53","check_19","java.lang.String","@"
"INCOME_DTL_11c","F53","check_date_19","java.lang.String","mm/dd/yy;@"
"INCOME_DTL_11c","G53","amount_30","java.lang.String","#,##0.00_);(#,##0.00)"
"INCOME_DTL_11c","C54","group_name_and_kingdom_20","java.lang.String","@"
"INCOME_DTL_11c","D54","reason_31","java.lang.String","@"
"INCOME_DTL_11c","E54","check_20","java.lang.String","@"
"INCOME_DTL_11c","F54","check_date_20","java.lang.String","mm/dd/yy;@"
"INCOME_DTL_11c","G54","amount_31","java.lang.String","#,##0.00_);(#,##0.00)"
"INCOME_DTL_11c","C55","group_name_and_kingdom_21","java.lang.String","@"
"INCOME_DTL_11c","D55","reason_32","java.lang.String","@"
"INCOME_DTL_11c","E55","check_21","java.lang.String","@"
"INCOME_DTL_11c","F55","check_date_21","java.lang.String","mm/dd/yy;@"
"INCOME_DTL_11c","G55","amount_32","java.lang.String","#,##0.00_);(#,##0.00)"
"INCOME_DTL_11c","C56","group_name_and_kingdom_22","java.lang.String","@"
"INCOME_DTL_11c","D56","reason_33","java.lang.String","@"
"INCOME_DTL_11c","E56","check_22","java.lang.String","@"
"INCOME_DTL_11c","F56","check_date_22","java.lang.String","mm/dd/yy;@"
"INCOME_DTL_11c","G56","amount_33","java.lang.String","#,##0.00_);(#,##0.00)"
"INCOME_DTL_11c","C57","group_name_and_kingdom_23","java.lang.String","@"
"INCOME_DTL_11c","D57","reason_34","java.lang.String","@"
"INCOME_DTL_11c","E57","check_23","java.lang.String","@"
"INCOME_DTL_11c","F57","check_date_23","java.lang.String","mm/dd/yy;@"
"INCOME_DTL_11c","G57","amount_34","java.lang.String","#,##0.00_);(#,##0.00)"
"INCOME_DTL_11c","C58","group_name_and_kingdom_24","java.lang.String","@"
"INCOME_DTL_11c","D58","reason_35","java.lang.String","@"
"INCOME_DTL_11c","E58","check_24","java.lang.String","@"
"INCOME_DTL_11c","F58","check_date_24","java.lang.String","mm/dd/yy;@"
"INCOME_DTL_11c","G58","amount_35","java.lang.String","#,##0.00_);(#,##0.00)"
"INCOME_DTL_11c","C59","group_name_and_kingdom_25","java.lang.String","@"
"INCOME_DTL_11c","D59","reason_36","java.lang.String","@"
"INCOME_DTL_11c","E59","check_25","java.lang.String","@"
"INCOME_DTL_11c","F59","check_date_25","java.lang.String","mm/dd/yy;@"
"INCOME_DTL_11c","G59","amount_36","java.lang.String","#,##0.00_);(#,##0.00)"
"INCOME_DTL_11c","C60","group_name_and_kingdom_26","java.lang.String","@"
"INCOME_DTL_11c","D60","reason_37","java.lang.String","@"
"INCOME_DTL_11c","E60","check_26","java.lang.String","@"
"INCOME_DTL_11c","F60","check_date_26","java.lang.String","mm/dd/yy;@"
"INCOME_DTL_11c","G60","amount_37","java.lang.String","#,##0.00_);(#,##0.00)"
"INCOME_DTL_11c","C61","group_name_and_kingdom_27","java.lang.String","@"
"INCOME_DTL_11c","D61","reason_38","java.lang.String","@"
"INCOME_DTL_11c","E61","check_27","java.lang.String","@"
"INCOME_DTL_11c","F61","check_date_27","java.lang.String","mm/dd/yy;@"
"INCOME_DTL_11c","G61","amount_38","java.lang.String","#,##0.00_);(#,##0.00)"
"INCOME_DTL_11c","C62","group_name_and_kingdom_28","java.lang.String","@"
"INCOME_DTL_11c","D62","reason_39","java.lang.String","@"
"INCOME_DTL_11c","E62","check_28","java.lang.String","@"
"INCOME_DTL_11c","F62","check_date_28","java.lang.String","mm/dd/yy;@"
"INCOME_DTL_11c","G62","amount_39","java.lang.String","#,##0.00_);(#,##0.00)"
"INCOME_DTL_11c","C63","group_name_and_kingdom_29","java.lang.String","@"
"INCOME_DTL_11c","D63","reason_40","java.lang.String","@"
"INCOME_DTL_11c","E63","check_29","java.lang.String","@"
"INCOME_DTL_11c","F63","check_date_29","java.lang.String","mm/dd/yy;@"
"INCOME_DTL_11c","G63","amount_40","java.lang.String","#,##0.00_);(#,##0.00)"
"INCOME_DTL_11c","C64","group_name_and_kingdom_30","java.lang.String","@"
"INCOME_DTL_11c","D64","reason_41","java.lang.String","@"
"INCOME_DTL_11c","E64","check_30","java.lang.String","@"
"INCOME_DTL_11c","F64","check_date_30","java.lang.String","mm/dd/yy;@"
"INCOME_DTL_11c","G64","amount_41","java.lang.String","#,##0.00_);(#,##0.00)"
"INCOME_DTL_11c","C65","group_name_and_kingdom_31","java.lang.String","@"
"INCOME_DTL_11c","D65","reason_42","java.lang.String","@"
"INCOME_DTL_11c","E65","check_31","java.lang.String","@"
"INCOME_DTL_11c","F65","check_date_31","java.lang.String","mm/dd/yy;@"
"INCOME_DTL_11c","G65","amount_42","java.lang.String","#,##0.00_);(#,##0.00)"
"INCOME_DTL_11c","G66","amount_show_total_on_pg_4_line_1b","java.lang.Double","#,##0.00_);(#,##0.00)"
