sheetName,cellRef,fieldName,javaType,excelFormat
"INCOME_DTL_11a","C2","income_dtl_11a_r2c3","java.lang.Double","General"
"INCOME_DTL_11a","C3","contents_b59","java.lang.Double","General"
"INCOME_DTL_11a","C4","contents_e_3","java.lang.Double","General"
"INCOME_DTL_11a","C6","contents_e_4","java.lang.Double","General"
"INCOME_DTL_11a","C11","_1a_fundraising_income_internal_event","java.lang.String","@"
"INCOME_DTL_11a","D11","activity_at_the_event","java.lang.String","@"
"INCOME_DTL_11a","E11","amount","java.lang.String","#,##0.00_);(#,##0.00)"
"INCOME_DTL_11a","C12","_1a_fundraising_income_internal_event_2","java.lang.String","@"
"INCOME_DTL_11a","D12","activity_at_the_event_2","java.lang.String","@"
"INCOME_DTL_11a","E12","amount_2","java.lang.String","#,##0.00_);(#,##0.00)"
"INCOME_DTL_11a","C13","_1a_fundraising_income_internal_event_3","java.lang.String","@"
"INCOME_DTL_11a","D13","activity_at_the_event_3","java.lang.String","@"
"INCOME_DTL_11a","E13","amount_3","java.lang.String","#,##0.00_);(#,##0.00)"
"INCOME_DTL_11a","C14","_1a_fundraising_income_internal_event_4","java.lang.String","@"
"INCOME_DTL_11a","D14","activity_at_the_event_4","java.lang.String","@"
"INCOME_DTL_11a","E14","amount_4","java.lang.String","#,##0.00_);(#,##0.00)"
"INCOME_DTL_11a","C15","_1a_fundraising_income_internal_event_5","java.lang.String","@"
"INCOME_DTL_11a","D15","activity_at_the_event_5","java.lang.String","@"
"INCOME_DTL_11a","E15","amount_5","java.lang.String","#,##0.00_);(#,##0.00)"
"INCOME_DTL_11a","C16","_1a_fundraising_income_internal_event_6","java.lang.String","@"
"INCOME_DTL_11a","D16","activity_at_the_event_6","java.lang.String","@"
"INCOME_DTL_11a","E16","amount_6","java.lang.String","#,##0.00_);(#,##0.00)"
"INCOME_DTL_11a","C17","_1a_fundraising_income_internal_event_7","java.lang.String","@"
"INCOME_DTL_11a","D17","activity_at_the_event_7","java.lang.String","@"
"INCOME_DTL_11a","E17","amount_7","java.lang.String","#,##0.00_);(#,##0.00)"
"INCOME_DTL_11a","C18","_1a_fundraising_income_internal_event_8","java.lang.String","@"
"INCOME_DTL_11a","D18","activity_at_the_event_8","java.lang.String","@"
"INCOME_DTL_11a","E18","amount_8","java.lang.String","#,##0.00_);(#,##0.00)"
"INCOME_DTL_11a","C19","_1a_fundraising_income_internal_event_9","java.lang.String","@"
"INCOME_DTL_11a","D19","activity_at_the_event_9","java.lang.String","@"
"INCOME_DTL_11a","E19","amount_9","java.lang.String","#,##0.00_);(#,##0.00)"
"INCOME_DTL_11a","E20","amount_show_total_on_pg_4_line_1a","java.lang.Double","#,##0.00_);(#,##0.00)"
"INCOME_DTL_11a","C23","_1b_fundraising_income_external_place","java.lang.String","@"
"INCOME_DTL_11a","D23","activity","java.lang.String","@"
"INCOME_DTL_11a","E23","amount_10","java.lang.String","#,##0.00_);(#,##0.00)"
"INCOME_DTL_11a","C24","_1b_fundraising_income_external_place_2","java.lang.String","@"
"INCOME_DTL_11a","D24","activity_2","java.lang.String","@"
"INCOME_DTL_11a","E24","amount_11","java.lang.String","#,##0.00_);(#,##0.00)"
"INCOME_DTL_11a","C25","_1b_fundraising_income_external_place_3","java.lang.String","@"
"INCOME_DTL_11a","D25","activity_3","java.lang.String","@"
"INCOME_DTL_11a","E25","amount_12","java.lang.String","#,##0.00_);(#,##0.00)"
"INCOME_DTL_11a","C26","_1b_fundraising_income_external_place_4","java.lang.String","@"
"INCOME_DTL_11a","D26","activity_4","java.lang.String","@"
"INCOME_DTL_11a","E26","amount_13","java.lang.String","#,##0.00_);(#,##0.00)"
"INCOME_DTL_11a","C27","_1b_fundraising_income_external_place_5","java.lang.String","@"
"INCOME_DTL_11a","D27","activity_5","java.lang.String","@"
"INCOME_DTL_11a","E27","amount_14","java.lang.String","#,##0.00_);(#,##0.00)"
"INCOME_DTL_11a","C28","_1b_fundraising_income_external_place_6","java.lang.String","@"
"INCOME_DTL_11a","D28","activity_6","java.lang.String","@"
"INCOME_DTL_11a","E28","amount_15","java.lang.String","#,##0.00_);(#,##0.00)"
"INCOME_DTL_11a","C29","_1b_fundraising_income_external_place_7","java.lang.String","@"
"INCOME_DTL_11a","D29","activity_7","java.lang.String","@"
"INCOME_DTL_11a","E29","amount_16","java.lang.String","#,##0.00_);(#,##0.00)"
"INCOME_DTL_11a","E30","amount_show_total_on_pg_4_line_1b","java.lang.Double","#,##0.00_);(#,##0.00)"
"INCOME_DTL_11a","E34","amount_a_donations_received_without_consideration_list_each_transaction_on_income_dtl_11c_worksheet","java.lang.Double","#,##0.00_);(#,##0.00)"
"INCOME_DTL_11a","E36","income_dtl_11c_g24_income_dtl_11c_g66_show_total_on_pg_4_line_2","java.lang.Double","#,##0.00_);(#,##0.00)"
"INCOME_DTL_11a","C40","_3a_income_from_demos_and_activity_fees_from","java.lang.String","@"
"INCOME_DTL_11a","D40","activity_8","java.lang.String","General"
"INCOME_DTL_11a","E40","amount_17","java.lang.String","#,##0.00_);(#,##0.00)"
"INCOME_DTL_11a","C41","_3a_income_from_demos_and_activity_fees_from_2","java.lang.String","@"
"INCOME_DTL_11a","D41","activity_9","java.lang.String","General"
"INCOME_DTL_11a","E41","amount_18","java.lang.String","#,##0.00_);(#,##0.00)"
"INCOME_DTL_11a","C42","_3a_income_from_demos_and_activity_fees_from_3","java.lang.String","@"
"INCOME_DTL_11a","D42","activity_10","java.lang.String","General"
"INCOME_DTL_11a","E42","amount_19","java.lang.String","#,##0.00_);(#,##0.00)"
"INCOME_DTL_11a","C43","_3a_income_from_demos_and_activity_fees_from_4","java.lang.String","@"
"INCOME_DTL_11a","D43","activity_11","java.lang.String","General"
"INCOME_DTL_11a","E43","amount_20","java.lang.String","#,##0.00_);(#,##0.00)"
"INCOME_DTL_11a","C44","_3a_income_from_demos_and_activity_fees_from_5","java.lang.String","@"
"INCOME_DTL_11a","D44","activity_12","java.lang.String","General"
"INCOME_DTL_11a","E44","amount_21","java.lang.String","#,##0.00_);(#,##0.00)"
"INCOME_DTL_11a","C45","_3a_income_from_demos_and_activity_fees_from_6","java.lang.String","@"
"INCOME_DTL_11a","D45","activity_13","java.lang.String","General"
"INCOME_DTL_11a","E45","amount_22","java.lang.String","#,##0.00_);(#,##0.00)"
"INCOME_DTL_11a","C46","_3a_income_from_demos_and_activity_fees_from_7","java.lang.String","@"
"INCOME_DTL_11a","D46","activity_14","java.lang.String","General"
"INCOME_DTL_11a","E46","amount_23","java.lang.String","#,##0.00_);(#,##0.00)"
"INCOME_DTL_11a","C47","_3a_income_from_demos_and_activity_fees_from_8","java.lang.String","@"
"INCOME_DTL_11a","D47","activity_15","java.lang.String","General"
"INCOME_DTL_11a","E47","amount_24","java.lang.String","#,##0.00_);(#,##0.00)"
"INCOME_DTL_11a","C48","_3a_income_from_demos_and_activity_fees_from_9","java.lang.String","@"
"INCOME_DTL_11a","D48","activity_16","java.lang.String","General"
"INCOME_DTL_11a","E48","amount_25","java.lang.String","#,##0.00_);(#,##0.00)"
"INCOME_DTL_11a","C49","_3a_income_from_demos_and_activity_fees_from_10","java.lang.String","@"
"INCOME_DTL_11a","D49","activity_17","java.lang.String","General"
"INCOME_DTL_11a","E49","amount_26","java.lang.String","#,##0.00_);(#,##0.00)"
"INCOME_DTL_11a","C50","_3a_income_from_demos_and_activity_fees_from_11","java.lang.String","@"
"INCOME_DTL_11a","D50","activity_18","java.lang.String","General"
"INCOME_DTL_11a","E50","amount_27","java.lang.String","#,##0.00_);(#,##0.00)"
"INCOME_DTL_11a","C51","_3a_income_from_demos_and_activity_fees_from_12","java.lang.String","@"
"INCOME_DTL_11a","D51","activity_19","java.lang.String","General"
"INCOME_DTL_11a","E51","amount_28","java.lang.String","#,##0.00_);(#,##0.00)"
"INCOME_DTL_11a","E52","amount_show_total_on_pg_4_line_3a","java.lang.Double","#,##0.00_);(#,##0.00)"
