sheetName,cellRef,fieldName,javaType,excelFormat
"INVENTORY_DTL_6b","C2","inventory_dtl_6b_r2c3","java.lang.Double","General"
"INVENTORY_DTL_6b","C3","contents_b59","java.lang.Double","General"
"INVENTORY_DTL_6b","C4","contents_e_3","java.lang.Double","General"
"INVENTORY_DTL_6b","C6","contents_e_4","java.lang.Double","General"
"INVENTORY_DTL_6b","E13","lot_item_description","java.lang.String","@"
"INVENTORY_DTL_6b","F13","lot_item_description_2","java.lang.String","@"
"INVENTORY_DTL_6b","G13","lot_item_description_3","java.lang.String","@"
"INVENTORY_DTL_6b","H13","lot_item_description_4","java.lang.String","@"
"INVENTORY_DTL_6b","I13","lot_item_description_5","java.lang.String","@"
"INVENTORY_DTL_6b","J13","lot_item_description_6","java.lang.String","@"
"INVENTORY_DTL_6b","K13","lot_item_description_7","java.lang.String","@"
"INVENTORY_DTL_6b","L13","lot_item_description_8","java.lang.String","@"
"INVENTORY_DTL_6b","E14","suggested_selling_price","java.lang.String","#,##0.00_);(#,##0.00)"
"INVENTORY_DTL_6b","F14","suggested_selling_price_2","java.lang.String","#,##0.00_);(#,##0.00)"
"INVENTORY_DTL_6b","G14","suggested_selling_price_3","java.lang.String","#,##0.00_);(#,##0.00)"
"INVENTORY_DTL_6b","H14","suggested_selling_price_4","java.lang.String","#,##0.00_);(#,##0.00)"
"INVENTORY_DTL_6b","I14","suggested_selling_price_5","java.lang.String","#,##0.00_);(#,##0.00)"
"INVENTORY_DTL_6b","J14","suggested_selling_price_6","java.lang.String","#,##0.00_);(#,##0.00)"
"INVENTORY_DTL_6b","K14","suggested_selling_price_7","java.lang.String","#,##0.00_);(#,##0.00)"
"INVENTORY_DTL_6b","L14","suggested_selling_price_8","java.lang.String","#,##0.00_);(#,##0.00)"
"INVENTORY_DTL_6b","E16","existing_lot_quantity","java.lang.String","0"
"INVENTORY_DTL_6b","F16","existing_lot_quantity_2","java.lang.String","0"
"INVENTORY_DTL_6b","G16","existing_lot_quantity_3","java.lang.String","0"
"INVENTORY_DTL_6b","H16","existing_lot_quantity_4","java.lang.String","0"
"INVENTORY_DTL_6b","I16","existing_lot_quantity_5","java.lang.String","0"
"INVENTORY_DTL_6b","J16","existing_lot_quantity_6","java.lang.String","0"
"INVENTORY_DTL_6b","K16","existing_lot_quantity_7","java.lang.String","0"
"INVENTORY_DTL_6b","L16","existing_lot_quantity_8","java.lang.String","0"
"INVENTORY_DTL_6b","E17","existing_lot_extended_cost","java.lang.String","#,##0.00_);(#,##0.00)"
"INVENTORY_DTL_6b","F17","existing_lot_extended_cost_2","java.lang.String","#,##0.00_);(#,##0.00)"
"INVENTORY_DTL_6b","G17","existing_lot_extended_cost_3","java.lang.String","#,##0.00_);(#,##0.00)"
"INVENTORY_DTL_6b","H17","existing_lot_extended_cost_4","java.lang.String","#,##0.00_);(#,##0.00)"
"INVENTORY_DTL_6b","I17","existing_lot_extended_cost_5","java.lang.String","#,##0.00_);(#,##0.00)"
"INVENTORY_DTL_6b","J17","existing_lot_extended_cost_6","java.lang.String","#,##0.00_);(#,##0.00)"
"INVENTORY_DTL_6b","K17","existing_lot_extended_cost_7","java.lang.String","#,##0.00_);(#,##0.00)"
"INVENTORY_DTL_6b","L17","existing_lot_extended_cost_8","java.lang.String","#,##0.00_);(#,##0.00)"
"INVENTORY_DTL_6b","M17","pg_3_i_d_start_existing_lot_extended_cost","java.lang.Double","#,##0.00_);(#,##0.00)"
"INVENTORY_DTL_6b","E19","new_lot_purchase_quantity","java.lang.String","0"
"INVENTORY_DTL_6b","F19","new_lot_purchase_quantity_2","java.lang.String","0"
"INVENTORY_DTL_6b","G19","new_lot_purchase_quantity_3","java.lang.String","0"
"INVENTORY_DTL_6b","H19","new_lot_purchase_quantity_4","java.lang.String","0"
"INVENTORY_DTL_6b","I19","new_lot_purchase_quantity_5","java.lang.String","0"
"INVENTORY_DTL_6b","J19","new_lot_purchase_quantity_6","java.lang.String","0"
"INVENTORY_DTL_6b","K19","new_lot_purchase_quantity_7","java.lang.String","0"
"INVENTORY_DTL_6b","L19","new_lot_purchase_quantity_8","java.lang.String","0"
"INVENTORY_DTL_6b","E20","new_lot_purchase_cost","java.lang.String","#,##0.00_);(#,##0.00)"
"INVENTORY_DTL_6b","F20","new_lot_purchase_cost_2","java.lang.String","#,##0.00_);(#,##0.00)"
"INVENTORY_DTL_6b","G20","new_lot_purchase_cost_3","java.lang.String","#,##0.00_);(#,##0.00)"
"INVENTORY_DTL_6b","H20","new_lot_purchase_cost_4","java.lang.String","#,##0.00_);(#,##0.00)"
"INVENTORY_DTL_6b","I20","new_lot_purchase_cost_5","java.lang.String","#,##0.00_);(#,##0.00)"
"INVENTORY_DTL_6b","J20","new_lot_purchase_cost_6","java.lang.String","#,##0.00_);(#,##0.00)"
"INVENTORY_DTL_6b","K20","new_lot_purchase_cost_7","java.lang.String","#,##0.00_);(#,##0.00)"
"INVENTORY_DTL_6b","L20","new_lot_purchase_cost_8","java.lang.String","#,##0.00_);(#,##0.00)"
"INVENTORY_DTL_6b","E22","per_unit_cost_b1_a1_or_b2_a2","java.lang.Double","#,##0.0000000000_);\(#,##0.0000000000\)"
"INVENTORY_DTL_6b","F22","if_and_e16_0_e17_0_e17_e16_if_and_e19_0_e20_0_e20_e19_0","java.lang.Double","#,##0.0000000000_);\(#,##0.0000000000\)"
"INVENTORY_DTL_6b","G22","if_and_f16_0_f17_0_f17_f16_if_and_f19_0_f20_0_f20_f19_0","java.lang.Double","#,##0.0000000000_);\(#,##0.0000000000\)"
"INVENTORY_DTL_6b","H22","if_and_g16_0_g17_0_g17_g16_if_and_g19_0_g20_0_g20_g19_0","java.lang.Double","#,##0.0000000000_);\(#,##0.0000000000\)"
"INVENTORY_DTL_6b","I22","if_and_h16_0_h17_0_h17_h16_if_and_h19_0_h20_0_h20_h19_0","java.lang.Double","#,##0.0000000000_);\(#,##0.0000000000\)"
"INVENTORY_DTL_6b","J22","if_and_i16_0_i17_0_i17_i16_if_and_i19_0_i20_0_i20_i19_0","java.lang.Double","#,##0.0000000000_);\(#,##0.0000000000\)"
"INVENTORY_DTL_6b","K22","if_and_j16_0_j17_0_j17_j16_if_and_j19_0_j20_0_j20_j19_0","java.lang.Double","#,##0.0000000000_);\(#,##0.0000000000\)"
"INVENTORY_DTL_6b","L22","if_and_k16_0_k17_0_k17_k16_if_and_k19_0_k20_0_k20_k19_0","java.lang.Double","#,##0.0000000000_);\(#,##0.0000000000\)"
"INVENTORY_DTL_6b","E24","if_and_e16_0_e17_0_e17_e16_if_and_e19_0_e20_0_e20_e19_0_quantity_sold_at_any_price","java.lang.String","0"
"INVENTORY_DTL_6b","F24","if_and_f16_0_f17_0_f17_f16_if_and_f19_0_f20_0_f20_f19_0_quantity_sold_at_any_price","java.lang.String","0"
"INVENTORY_DTL_6b","G24","if_and_g16_0_g17_0_g17_g16_if_and_g19_0_g20_0_g20_g19_0_quantity_sold_at_any_price","java.lang.String","0"
"INVENTORY_DTL_6b","H24","if_and_h16_0_h17_0_h17_h16_if_and_h19_0_h20_0_h20_h19_0_quantity_sold_at_any_price","java.lang.String","0"
"INVENTORY_DTL_6b","I24","if_and_i16_0_i17_0_i17_i16_if_and_i19_0_i20_0_i20_i19_0_quantity_sold_at_any_price","java.lang.String","0"
"INVENTORY_DTL_6b","J24","if_and_j16_0_j17_0_j17_j16_if_and_j19_0_j20_0_j20_j19_0_quantity_sold_at_any_price","java.lang.String","0"
"INVENTORY_DTL_6b","K24","if_and_k16_0_k17_0_k17_k16_if_and_k19_0_k20_0_k20_k19_0_quantity_sold_at_any_price","java.lang.String","0"
"INVENTORY_DTL_6b","L24","if_and_l16_0_l17_0_l17_l16_if_and_l19_0_l20_0_l20_l19_0_quantity_sold_at_any_price","java.lang.String","0"
"INVENTORY_DTL_6b","E25","if_and_e16_0_e17_0_e17_e16_if_and_e19_0_e20_0_e20_e19_0_quantity_removed_or_discarded","java.lang.String","0"
"INVENTORY_DTL_6b","F25","if_and_f16_0_f17_0_f17_f16_if_and_f19_0_f20_0_f20_f19_0_quantity_removed_or_discarded","java.lang.String","0"
"INVENTORY_DTL_6b","G25","if_and_g16_0_g17_0_g17_g16_if_and_g19_0_g20_0_g20_g19_0_quantity_removed_or_discarded","java.lang.String","0"
"INVENTORY_DTL_6b","H25","if_and_h16_0_h17_0_h17_h16_if_and_h19_0_h20_0_h20_h19_0_quantity_removed_or_discarded","java.lang.String","0"
"INVENTORY_DTL_6b","I25","if_and_i16_0_i17_0_i17_i16_if_and_i19_0_i20_0_i20_i19_0_quantity_removed_or_discarded","java.lang.String","0"
"INVENTORY_DTL_6b","J25","if_and_j16_0_j17_0_j17_j16_if_and_j19_0_j20_0_j20_j19_0_quantity_removed_or_discarded","java.lang.String","0"
"INVENTORY_DTL_6b","K25","if_and_k16_0_k17_0_k17_k16_if_and_k19_0_k20_0_k20_k19_0_quantity_removed_or_discarded","java.lang.String","0"
"INVENTORY_DTL_6b","L25","if_and_l16_0_l17_0_l17_l16_if_and_l19_0_l20_0_l20_l19_0_quantity_removed_or_discarded","java.lang.String","0"
"INVENTORY_DTL_6b","E26","if_and_e16_0_e17_0_e17_e16_if_and_e19_0_e20_0_e20_e19_0_ending_quantity_b1or_b2_d_e","java.lang.Double","#,##0"
"INVENTORY_DTL_6b","F26","if_and_f16_0_f17_0_f17_f16_if_and_f19_0_f20_0_f20_f19_0_if_e16_0_e16_e19_e24_e25","java.lang.Double","#,##0"
"INVENTORY_DTL_6b","G26","if_and_g16_0_g17_0_g17_g16_if_and_g19_0_g20_0_g20_g19_0_if_f16_0_f16_f19_f24_f25","java.lang.Double","#,##0"
"INVENTORY_DTL_6b","H26","if_and_h16_0_h17_0_h17_h16_if_and_h19_0_h20_0_h20_h19_0_if_g16_0_g16_g19_g24_g25","java.lang.Double","#,##0"
"INVENTORY_DTL_6b","I26","if_and_i16_0_i17_0_i17_i16_if_and_i19_0_i20_0_i20_i19_0_if_h16_0_h16_h19_h24_h25","java.lang.Double","#,##0"
"INVENTORY_DTL_6b","J26","if_and_j16_0_j17_0_j17_j16_if_and_j19_0_j20_0_j20_j19_0_if_i16_0_i16_i19_i24_i25","java.lang.Double","#,##0"
"INVENTORY_DTL_6b","K26","if_and_k16_0_k17_0_k17_k16_if_and_k19_0_k20_0_k20_k19_0_if_j16_0_j16_j19_j24_j25","java.lang.Double","#,##0"
"INVENTORY_DTL_6b","L26","if_and_l16_0_l17_0_l17_l16_if_and_l19_0_l20_0_l20_l19_0_if_k16_0_k16_k19_k24_k25","java.lang.Double","#,##0"
"INVENTORY_DTL_6b","E27","if_e16_0_e16_e19_e24_e25_ending_extended_cost_f_x_c","java.lang.Double","#,##0.00_);(#,##0.00)"
"INVENTORY_DTL_6b","F27","if_f16_0_f16_f19_f24_f25_e26_e22","java.lang.Double","#,##0.00_);(#,##0.00)"
"INVENTORY_DTL_6b","G27","if_g16_0_g16_g19_g24_g25_f26_f22","java.lang.Double","#,##0.00_);(#,##0.00)"
"INVENTORY_DTL_6b","H27","if_h16_0_h16_h19_h24_h25_g26_g22","java.lang.Double","#,##0.00_);(#,##0.00)"
"INVENTORY_DTL_6b","I27","if_i16_0_i16_i19_i24_i25_h26_h22","java.lang.Double","#,##0.00_);(#,##0.00)"
"INVENTORY_DTL_6b","J27","if_j16_0_j16_j19_j24_j25_i26_i22","java.lang.Double","#,##0.00_);(#,##0.00)"
"INVENTORY_DTL_6b","K27","if_k16_0_k16_k19_k24_k25_j26_j22","java.lang.Double","#,##0.00_);(#,##0.00)"
"INVENTORY_DTL_6b","L27","if_l16_0_l16_l19_l24_l25_k26_k22","java.lang.Double","#,##0.00_);(#,##0.00)"
"INVENTORY_DTL_6b","M27","pg_3_i_d_end_l26_l22","java.lang.Double","#,##0.00_);(#,##0.00)"
"INVENTORY_DTL_6b","E29","e26_e22_cost_of_goods_b1_b2_g","java.lang.Double","#,##0.00_);(#,##0.00)"
"INVENTORY_DTL_6b","F29","f26_f22_e17_e20_e27","java.lang.Double","#,##0.00_);(#,##0.00)"
"INVENTORY_DTL_6b","G29","g26_g22_f17_f20_f27","java.lang.Double","#,##0.00_);(#,##0.00)"
"INVENTORY_DTL_6b","H29","h26_h22_g17_g20_g27","java.lang.Double","#,##0.00_);(#,##0.00)"
"INVENTORY_DTL_6b","I29","i26_i22_h17_h20_h27","java.lang.Double","#,##0.00_);(#,##0.00)"
"INVENTORY_DTL_6b","J29","j26_j22_i17_i20_i27","java.lang.Double","#,##0.00_);(#,##0.00)"
"INVENTORY_DTL_6b","K29","k26_k22_j17_j20_j27","java.lang.Double","#,##0.00_);(#,##0.00)"
"INVENTORY_DTL_6b","L29","l26_l22_k17_k20_k27","java.lang.Double","#,##0.00_);(#,##0.00)"
"INVENTORY_DTL_6b","M29","sum_e27_l27_l17_l20_l27","java.lang.Double","#,##0.00_);(#,##0.00)"
"INVENTORY_DTL_6b","E30","e17_e20_e27_actual_gross_income_from_inventory_sales","java.lang.String","#,##0.00_);(#,##0.00)"
"INVENTORY_DTL_6b","F30","f17_f20_f27_actual_gross_income_from_inventory_sales","java.lang.String","#,##0.00_);(#,##0.00)"
"INVENTORY_DTL_6b","G30","g17_g20_g27_actual_gross_income_from_inventory_sales","java.lang.String","#,##0.00_);(#,##0.00)"
"INVENTORY_DTL_6b","H30","h17_h20_h27_actual_gross_income_from_inventory_sales","java.lang.String","#,##0.00_);(#,##0.00)"
"INVENTORY_DTL_6b","I30","i17_i20_i27_actual_gross_income_from_inventory_sales","java.lang.String","#,##0.00_);(#,##0.00)"
"INVENTORY_DTL_6b","J30","j17_j20_j27_actual_gross_income_from_inventory_sales","java.lang.String","#,##0.00_);(#,##0.00)"
"INVENTORY_DTL_6b","K30","k17_k20_k27_actual_gross_income_from_inventory_sales","java.lang.String","#,##0.00_);(#,##0.00)"
"INVENTORY_DTL_6b","L30","l17_l20_l27_actual_gross_income_from_inventory_sales","java.lang.String","#,##0.00_);(#,##0.00)"
"INVENTORY_DTL_6b","M30","sum_e29_l29_actual_gross_income_from_inventory_sales","java.lang.Double","#,##0.00_);(#,##0.00)"
"INVENTORY_DTL_6b","E31","e17_e20_e27_net_inventory_sales_income_i_h","java.lang.Double","#,##0.00_);(#,##0.00)"
"INVENTORY_DTL_6b","F31","f17_f20_f27_e30_e29","java.lang.Double","#,##0.00_);(#,##0.00)"
"INVENTORY_DTL_6b","G31","g17_g20_g27_f30_f29","java.lang.Double","#,##0.00_);(#,##0.00)"
"INVENTORY_DTL_6b","H31","h17_h20_h27_g30_g29","java.lang.Double","#,##0.00_);(#,##0.00)"
"INVENTORY_DTL_6b","I31","i17_i20_i27_h30_h29","java.lang.Double","#,##0.00_);(#,##0.00)"
"INVENTORY_DTL_6b","J31","j17_j20_j27_i30_i29","java.lang.Double","#,##0.00_);(#,##0.00)"
"INVENTORY_DTL_6b","K31","k17_k20_k27_j30_j29","java.lang.Double","#,##0.00_);(#,##0.00)"
"INVENTORY_DTL_6b","L31","l17_l20_l27_k30_k29","java.lang.Double","#,##0.00_);(#,##0.00)"
