sheetName,cellRef,fieldName,javaType,excelFormat
"REGALIA_SALES_DTL_7b","C2","regalia_sales_dtl_7b_r2c3","java.lang.Double","General"
"REGALIA_SALES_DTL_7b","C3","contents_b59","java.lang.Double","General"
"REGALIA_SALES_DTL_7b","C4","contents_e_3","java.lang.Double","General"
"REGALIA_SALES_DTL_7b","C6","contents_e_4","java.lang.Double","General"
"REGALIA_SALES_DTL_7b","C11","regalia_non_depreciated_equipment","java.lang.String","General"
"REGALIA_SALES_DTL_7b","D11","don_t_use_this_section_anymore","java.lang.String","General"
"REGALIA_SALES_DTL_7b","E11","don_t_use_this_section_anymore_2","java.lang.String","General"
"REGALIA_SALES_DTL_7b","F11","don_t_use_this_section_anymore_3","java.lang.String","General"
"REGALIA_SALES_DTL_7b","G11","don_t_use_this_section_anymore_4","java.lang.String","General"
"REGALIA_SALES_DTL_7b","C20","item_description","java.lang.String","@"
"REGALIA_SALES_DTL_7b","D20","qty","java.lang.String","0"
"REGALIA_SALES_DTL_7b","E20","year_acquired","java.lang.String","0"
"REGALIA_SALES_DTL_7b","F20","a_start_prior_value","java.lang.String","#,##0.00_);(#,##0.00)"
"REGALIA_SALES_DTL_7b","G20","b_value_of_new_item","java.lang.String","#,##0.00_);(#,##0.00)"
"REGALIA_SALES_DTL_7b","H20","c_value_adjustment","java.lang.String","#,##0.00_);(#,##0.00)"
"REGALIA_SALES_DTL_7b","I20","a_or_b_c_end_value","java.lang.Double","#,##0.00_);(#,##0.00)"
"REGALIA_SALES_DTL_7b","C21","item_description_2","java.lang.String","@"
"REGALIA_SALES_DTL_7b","D21","qty_2","java.lang.String","0"
"REGALIA_SALES_DTL_7b","E21","year_acquired_2","java.lang.String","0"
"REGALIA_SALES_DTL_7b","F21","a_start_prior_value_2","java.lang.String","#,##0.00_);(#,##0.00)"
"REGALIA_SALES_DTL_7b","G21","b_value_of_new_item_2","java.lang.String","#,##0.00_);(#,##0.00)"
"REGALIA_SALES_DTL_7b","H21","c_value_adjustment_2","java.lang.String","#,##0.00_);(#,##0.00)"
"REGALIA_SALES_DTL_7b","I21","if_f20_0_f20_g20_h20","java.lang.Double","#,##0.00_);(#,##0.00)"
"REGALIA_SALES_DTL_7b","C22","item_description_3","java.lang.String","@"
"REGALIA_SALES_DTL_7b","D22","qty_3","java.lang.String","0"
"REGALIA_SALES_DTL_7b","E22","year_acquired_3","java.lang.String","0"
"REGALIA_SALES_DTL_7b","F22","a_start_prior_value_3","java.lang.String","#,##0.00_);(#,##0.00)"
"REGALIA_SALES_DTL_7b","G22","b_value_of_new_item_3","java.lang.String","#,##0.00_);(#,##0.00)"
"REGALIA_SALES_DTL_7b","H22","c_value_adjustment_3","java.lang.String","#,##0.00_);(#,##0.00)"
"REGALIA_SALES_DTL_7b","I22","if_f21_0_f21_g21_h21","java.lang.Double","#,##0.00_);(#,##0.00)"
"REGALIA_SALES_DTL_7b","C23","item_description_4","java.lang.String","@"
"REGALIA_SALES_DTL_7b","D23","qty_4","java.lang.String","0"
"REGALIA_SALES_DTL_7b","E23","year_acquired_4","java.lang.String","0"
"REGALIA_SALES_DTL_7b","F23","a_start_prior_value_4","java.lang.String","#,##0.00_);(#,##0.00)"
"REGALIA_SALES_DTL_7b","G23","b_value_of_new_item_4","java.lang.String","#,##0.00_);(#,##0.00)"
"REGALIA_SALES_DTL_7b","H23","c_value_adjustment_4","java.lang.String","#,##0.00_);(#,##0.00)"
"REGALIA_SALES_DTL_7b","I23","if_f22_0_f22_g22_h22","java.lang.Double","#,##0.00_);(#,##0.00)"
"REGALIA_SALES_DTL_7b","C24","item_description_5","java.lang.String","@"
"REGALIA_SALES_DTL_7b","D24","qty_5","java.lang.String","0"
"REGALIA_SALES_DTL_7b","E24","year_acquired_5","java.lang.String","0"
"REGALIA_SALES_DTL_7b","F24","a_start_prior_value_5","java.lang.String","#,##0.00_);(#,##0.00)"
"REGALIA_SALES_DTL_7b","G24","b_value_of_new_item_5","java.lang.String","#,##0.00_);(#,##0.00)"
"REGALIA_SALES_DTL_7b","H24","c_value_adjustment_5","java.lang.String","#,##0.00_);(#,##0.00)"
"REGALIA_SALES_DTL_7b","I24","if_f23_0_f23_g23_h23","java.lang.Double","#,##0.00_);(#,##0.00)"
"REGALIA_SALES_DTL_7b","C25","item_description_6","java.lang.String","@"
"REGALIA_SALES_DTL_7b","D25","qty_6","java.lang.String","0"
"REGALIA_SALES_DTL_7b","E25","year_acquired_6","java.lang.String","0"
"REGALIA_SALES_DTL_7b","F25","a_start_prior_value_6","java.lang.String","#,##0.00_);(#,##0.00)"
"REGALIA_SALES_DTL_7b","G25","b_value_of_new_item_6","java.lang.String","#,##0.00_);(#,##0.00)"
"REGALIA_SALES_DTL_7b","H25","c_value_adjustment_6","java.lang.String","#,##0.00_);(#,##0.00)"
"REGALIA_SALES_DTL_7b","I25","if_f24_0_f24_g24_h24","java.lang.Double","#,##0.00_);(#,##0.00)"
"REGALIA_SALES_DTL_7b","C26","item_description_7","java.lang.String","@"
"REGALIA_SALES_DTL_7b","D26","qty_7","java.lang.String","0"
"REGALIA_SALES_DTL_7b","E26","year_acquired_7","java.lang.String","0"
"REGALIA_SALES_DTL_7b","F26","a_start_prior_value_7","java.lang.String","#,##0.00_);(#,##0.00)"
"REGALIA_SALES_DTL_7b","G26","b_value_of_new_item_7","java.lang.String","#,##0.00_);(#,##0.00)"
"REGALIA_SALES_DTL_7b","H26","c_value_adjustment_7","java.lang.String","#,##0.00_);(#,##0.00)"
"REGALIA_SALES_DTL_7b","I26","if_f25_0_f25_g25_h25","java.lang.Double","#,##0.00_);(#,##0.00)"
"REGALIA_SALES_DTL_7b","C27","item_description_8","java.lang.String","@"
"REGALIA_SALES_DTL_7b","D27","qty_8","java.lang.String","0"
"REGALIA_SALES_DTL_7b","E27","year_acquired_8","java.lang.String","0"
"REGALIA_SALES_DTL_7b","F27","a_start_prior_value_8","java.lang.String","#,##0.00_);(#,##0.00)"
"REGALIA_SALES_DTL_7b","G27","b_value_of_new_item_8","java.lang.String","#,##0.00_);(#,##0.00)"
"REGALIA_SALES_DTL_7b","H27","c_value_adjustment_8","java.lang.String","#,##0.00_);(#,##0.00)"
"REGALIA_SALES_DTL_7b","I27","if_f26_0_f26_g26_h26","java.lang.Double","#,##0.00_);(#,##0.00)"
"REGALIA_SALES_DTL_7b","C28","item_description_9","java.lang.String","@"
"REGALIA_SALES_DTL_7b","D28","qty_9","java.lang.String","0"
"REGALIA_SALES_DTL_7b","E28","year_acquired_9","java.lang.String","0"
"REGALIA_SALES_DTL_7b","F28","a_start_prior_value_9","java.lang.String","#,##0.00_);(#,##0.00)"
"REGALIA_SALES_DTL_7b","G28","b_value_of_new_item_9","java.lang.String","#,##0.00_);(#,##0.00)"
"REGALIA_SALES_DTL_7b","H28","c_value_adjustment_9","java.lang.String","#,##0.00_);(#,##0.00)"
"REGALIA_SALES_DTL_7b","I28","if_f27_0_f27_g27_h27","java.lang.Double","#,##0.00_);(#,##0.00)"
"REGALIA_SALES_DTL_7b","C29","item_description_10","java.lang.String","@"
"REGALIA_SALES_DTL_7b","D29","qty_10","java.lang.String","0"
"REGALIA_SALES_DTL_7b","E29","year_acquired_10","java.lang.String","0"
"REGALIA_SALES_DTL_7b","F29","a_start_prior_value_10","java.lang.String","#,##0.00_);(#,##0.00)"
"REGALIA_SALES_DTL_7b","G29","b_value_of_new_item_10","java.lang.String","#,##0.00_);(#,##0.00)"
"REGALIA_SALES_DTL_7b","H29","c_value_adjustment_10","java.lang.String","#,##0.00_);(#,##0.00)"
"REGALIA_SALES_DTL_7b","I29","if_f28_0_f28_g28_h28","java.lang.Double","#,##0.00_);(#,##0.00)"
"REGALIA_SALES_DTL_7b","C30","item_description_11","java.lang.String","@"
"REGALIA_SALES_DTL_7b","D30","qty_11","java.lang.String","0"
"REGALIA_SALES_DTL_7b","E30","year_acquired_11","java.lang.String","0"
"REGALIA_SALES_DTL_7b","F30","a_start_prior_value_11","java.lang.String","#,##0.00_);(#,##0.00)"
"REGALIA_SALES_DTL_7b","G30","b_value_of_new_item_11","java.lang.String","#,##0.00_);(#,##0.00)"
"REGALIA_SALES_DTL_7b","H30","c_value_adjustment_11","java.lang.String","#,##0.00_);(#,##0.00)"
"REGALIA_SALES_DTL_7b","I30","if_f29_0_f29_g29_h29","java.lang.Double","#,##0.00_);(#,##0.00)"
"REGALIA_SALES_DTL_7b","C31","item_description_12","java.lang.String","@"
"REGALIA_SALES_DTL_7b","D31","qty_12","java.lang.String","0"
"REGALIA_SALES_DTL_7b","E31","year_acquired_12","java.lang.String","0"
"REGALIA_SALES_DTL_7b","F31","a_start_prior_value_12","java.lang.String","#,##0.00_);(#,##0.00)"
"REGALIA_SALES_DTL_7b","G31","b_value_of_new_item_12","java.lang.String","#,##0.00_);(#,##0.00)"
"REGALIA_SALES_DTL_7b","H31","c_value_adjustment_12","java.lang.String","#,##0.00_);(#,##0.00)"
"REGALIA_SALES_DTL_7b","I31","if_f30_0_f30_g30_h30","java.lang.Double","#,##0.00_);(#,##0.00)"
"REGALIA_SALES_DTL_7b","F32","a_start_prior_value_total","java.lang.Double","#,##0.00_);(#,##0.00)"
"REGALIA_SALES_DTL_7b","H32","c_value_adjustment_sum_f20_f31","java.lang.Double","#,##0.00_);(#,##0.00)"
"REGALIA_SALES_DTL_7b","I32","if_f31_0_f31_g31_h31_sumif_h20_h31_0_h20_h31","java.lang.Double","#,##0.00_);(#,##0.00)"
"REGALIA_SALES_DTL_7b","C37","_1_minor_inventory_not_reported_as_major_inventory_and_expensed_as_supplies_when_purchased","java.lang.String","@"
"REGALIA_SALES_DTL_7b","D37","qty_13","java.lang.String","@"
"REGALIA_SALES_DTL_7b","E37","show_on","java.lang.String","@"
"REGALIA_SALES_DTL_7b","F37","pg_3_i_e_start","java.lang.String","@"
"REGALIA_SALES_DTL_7b","G37","b_value_of_new_item_13","java.lang.String","@"
"REGALIA_SALES_DTL_7b","H37","number_sold","java.lang.String","0"
"REGALIA_SALES_DTL_7b","I37","income_from_sale","java.lang.String","#,##0.00_);(#,##0.00)"
"REGALIA_SALES_DTL_7b","C38","_1_minor_inventory_not_reported_as_major_inventory_and_expensed_as_supplies_when_purchased_2","java.lang.String","@"
"REGALIA_SALES_DTL_7b","D38","qty_14","java.lang.String","@"
"REGALIA_SALES_DTL_7b","E38","show_on_2","java.lang.String","@"
"REGALIA_SALES_DTL_7b","F38","pg_3_i_e_start_2","java.lang.String","@"
"REGALIA_SALES_DTL_7b","G38","b_value_of_new_item_14","java.lang.String","@"
"REGALIA_SALES_DTL_7b","H38","number_sold_2","java.lang.String","0"
"REGALIA_SALES_DTL_7b","I38","income_from_sale_2","java.lang.String","#,##0.00_);(#,##0.00)"
"REGALIA_SALES_DTL_7b","C39","_1_minor_inventory_not_reported_as_major_inventory_and_expensed_as_supplies_when_purchased_3","java.lang.String","@"
"REGALIA_SALES_DTL_7b","D39","qty_15","java.lang.String","@"
"REGALIA_SALES_DTL_7b","E39","show_on_3","java.lang.String","@"
"REGALIA_SALES_DTL_7b","F39","pg_3_i_e_start_3","java.lang.String","@"
"REGALIA_SALES_DTL_7b","G39","b_value_of_new_item_15","java.lang.String","@"
"REGALIA_SALES_DTL_7b","H39","number_sold_3","java.lang.String","0"
"REGALIA_SALES_DTL_7b","I39","income_from_sale_3","java.lang.String","#,##0.00_);(#,##0.00)"
"REGALIA_SALES_DTL_7b","C40","_1_minor_inventory_not_reported_as_major_inventory_and_expensed_as_supplies_when_purchased_4","java.lang.String","@"
"REGALIA_SALES_DTL_7b","D40","qty_16","java.lang.String","@"
"REGALIA_SALES_DTL_7b","E40","show_on_4","java.lang.String","@"
"REGALIA_SALES_DTL_7b","F40","pg_3_i_e_start_4","java.lang.String","@"
"REGALIA_SALES_DTL_7b","G40","b_value_of_new_item_16","java.lang.String","@"
"REGALIA_SALES_DTL_7b","H40","number_sold_4","java.lang.String","0"
"REGALIA_SALES_DTL_7b","I40","income_from_sale_4","java.lang.String","#,##0.00_);(#,##0.00)"
"REGALIA_SALES_DTL_7b","C41","_1_minor_inventory_not_reported_as_major_inventory_and_expensed_as_supplies_when_purchased_5","java.lang.String","@"
"REGALIA_SALES_DTL_7b","D41","qty_17","java.lang.String","@"
"REGALIA_SALES_DTL_7b","E41","show_on_5","java.lang.String","@"
"REGALIA_SALES_DTL_7b","F41","pg_3_i_e_start_5","java.lang.String","@"
"REGALIA_SALES_DTL_7b","G41","b_value_of_new_item_17","java.lang.String","@"
"REGALIA_SALES_DTL_7b","H41","number_sold_5","java.lang.String","0"
"REGALIA_SALES_DTL_7b","I41","income_from_sale_5","java.lang.String","#,##0.00_);(#,##0.00)"
"REGALIA_SALES_DTL_7b","C42","_1_minor_inventory_not_reported_as_major_inventory_and_expensed_as_supplies_when_purchased_6","java.lang.String","@"
"REGALIA_SALES_DTL_7b","D42","qty_18","java.lang.String","@"
"REGALIA_SALES_DTL_7b","E42","show_on_6","java.lang.String","@"
"REGALIA_SALES_DTL_7b","F42","pg_3_i_e_start_6","java.lang.String","@"
"REGALIA_SALES_DTL_7b","G42","b_value_of_new_item_18","java.lang.String","@"
"REGALIA_SALES_DTL_7b","H42","number_sold_6","java.lang.String","0"
"REGALIA_SALES_DTL_7b","I42","income_from_sale_6","java.lang.String","#,##0.00_);(#,##0.00)"
"REGALIA_SALES_DTL_7b","C43","_1_minor_inventory_not_reported_as_major_inventory_and_expensed_as_supplies_when_purchased_7","java.lang.String","@"
"REGALIA_SALES_DTL_7b","D43","qty_19","java.lang.String","@"
"REGALIA_SALES_DTL_7b","E43","show_on_7","java.lang.String","@"
"REGALIA_SALES_DTL_7b","F43","pg_3_i_e_start_7","java.lang.String","@"
"REGALIA_SALES_DTL_7b","G43","b_value_of_new_item_19","java.lang.String","@"
"REGALIA_SALES_DTL_7b","H43","number_sold_7","java.lang.String","0"
"REGALIA_SALES_DTL_7b","I43","income_from_sale_7","java.lang.String","#,##0.00_);(#,##0.00)"
"REGALIA_SALES_DTL_7b","C44","_1_minor_inventory_not_reported_as_major_inventory_and_expensed_as_supplies_when_purchased_8","java.lang.String","@"
"REGALIA_SALES_DTL_7b","D44","qty_20","java.lang.String","@"
"REGALIA_SALES_DTL_7b","E44","show_on_8","java.lang.String","@"
"REGALIA_SALES_DTL_7b","F44","pg_3_i_e_start_8","java.lang.String","@"
"REGALIA_SALES_DTL_7b","G44","b_value_of_new_item_20","java.lang.String","@"
"REGALIA_SALES_DTL_7b","H44","number_sold_8","java.lang.String","0"
"REGALIA_SALES_DTL_7b","I44","income_from_sale_8","java.lang.String","#,##0.00_);(#,##0.00)"
"REGALIA_SALES_DTL_7b","C45","_1_minor_inventory_not_reported_as_major_inventory_and_expensed_as_supplies_when_purchased_9","java.lang.String","@"
"REGALIA_SALES_DTL_7b","D45","qty_21","java.lang.String","@"
"REGALIA_SALES_DTL_7b","E45","show_on_9","java.lang.String","@"
"REGALIA_SALES_DTL_7b","F45","pg_3_i_e_start_9","java.lang.String","@"
"REGALIA_SALES_DTL_7b","G45","b_value_of_new_item_21","java.lang.String","@"
"REGALIA_SALES_DTL_7b","H45","number_sold_9","java.lang.String","0"
"REGALIA_SALES_DTL_7b","I45","income_from_sale_9","java.lang.String","#,##0.00_);(#,##0.00)"
"REGALIA_SALES_DTL_7b","C46","_1_minor_inventory_not_reported_as_major_inventory_and_expensed_as_supplies_when_purchased_10","java.lang.String","@"
"REGALIA_SALES_DTL_7b","D46","qty_22","java.lang.String","@"
"REGALIA_SALES_DTL_7b","E46","show_on_10","java.lang.String","@"
"REGALIA_SALES_DTL_7b","F46","pg_3_i_e_start_10","java.lang.String","@"
"REGALIA_SALES_DTL_7b","G46","b_value_of_new_item_22","java.lang.String","@"
"REGALIA_SALES_DTL_7b","H46","number_sold_10","java.lang.String","0"
"REGALIA_SALES_DTL_7b","I46","income_from_sale_10","java.lang.String","#,##0.00_);(#,##0.00)"
"REGALIA_SALES_DTL_7b","I47","income_from_sale_total_1","java.lang.Double","#,##0.00_);(#,##0.00)"
"REGALIA_SALES_DTL_7b","C49","_2_released_or_sold_asset_listed_on_pg_7_or_8_in_a_prior_report","java.lang.String","@"
"REGALIA_SALES_DTL_7b","D49","qty_23","java.lang.String","0"
"REGALIA_SALES_DTL_7b","E49","year_acquired_13","java.lang.String","0"
"REGALIA_SALES_DTL_7b","F49","a_start_prior_value_from_pg_7_or_8","java.lang.String","#,##0.00_);(#,##0.00)"
"REGALIA_SALES_DTL_7b","G49","b_start_accum_depr_if_from_pg_8","java.lang.String","#,##0.00_);(#,##0.00)"
"REGALIA_SALES_DTL_7b","H49","a_b_value_lost","java.lang.Double","#,##0.00_);(#,##0.00)"
"REGALIA_SALES_DTL_7b","I49","income_from_sale_if_any_f49_g49","java.lang.String","#,##0.00_);(#,##0.00)"
"REGALIA_SALES_DTL_7b","C50","_2_released_or_sold_asset_listed_on_pg_7_or_8_in_a_prior_report_2","java.lang.String","@"
"REGALIA_SALES_DTL_7b","D50","qty_24","java.lang.String","0"
"REGALIA_SALES_DTL_7b","E50","year_acquired_14","java.lang.String","0"
"REGALIA_SALES_DTL_7b","F50","a_start_prior_value_from_pg_7_or_8_2","java.lang.String","#,##0.00_);(#,##0.00)"
"REGALIA_SALES_DTL_7b","G50","b_start_accum_depr_if_from_pg_8_2","java.lang.String","#,##0.00_);(#,##0.00)"
"REGALIA_SALES_DTL_7b","H50","f49_g49","java.lang.Double","#,##0.00_);(#,##0.00)"
"REGALIA_SALES_DTL_7b","I50","income_from_sale_if_any_f50_g50","java.lang.String","#,##0.00_);(#,##0.00)"
"REGALIA_SALES_DTL_7b","C51","_2_released_or_sold_asset_listed_on_pg_7_or_8_in_a_prior_report_3","java.lang.String","@"
"REGALIA_SALES_DTL_7b","D51","qty_25","java.lang.String","0"
"REGALIA_SALES_DTL_7b","E51","year_acquired_15","java.lang.String","0"
"REGALIA_SALES_DTL_7b","F51","a_start_prior_value_from_pg_7_or_8_3","java.lang.String","#,##0.00_);(#,##0.00)"
"REGALIA_SALES_DTL_7b","G51","b_start_accum_depr_if_from_pg_8_3","java.lang.String","#,##0.00_);(#,##0.00)"
"REGALIA_SALES_DTL_7b","H51","f50_g50","java.lang.Double","#,##0.00_);(#,##0.00)"
"REGALIA_SALES_DTL_7b","I51","income_from_sale_if_any_f51_g51","java.lang.String","#,##0.00_);(#,##0.00)"
"REGALIA_SALES_DTL_7b","H52","f51_g51_total_2","java.lang.Double","#,##0.00_);(#,##0.00)"
"REGALIA_SALES_DTL_7b","I52","income_from_sale_if_any_sum_h49_h51","java.lang.Double","#,##0.00_);(#,##0.00)"
"REGALIA_SALES_DTL_7b","I53","sum_i49_i51_total_1_2","java.lang.Double","#,##0.00_);(#,##0.00)"
