sheetName,cellRef,fieldName,javaType,excelFormat
"SECONDARY_ACCOUNTS_2d","C2","secondary_accounts_2d_r2c3","java.lang.Double","General"
"SECONDARY_ACCOUNTS_2d","C3","contents_b59","java.lang.Double","General"
"SECONDARY_ACCOUNTS_2d","C4","contents_e_3","java.lang.Double","General"
"SECONDARY_ACCOUNTS_2d","C6","contents_e_4","java.lang.Double","General"
"SECONDARY_ACCOUNTS_2d","D13","bank_name","java.lang.String","@"
"SECONDARY_ACCOUNTS_2d","E13","bank_name_2","java.lang.String","@"
"SECONDARY_ACCOUNTS_2d","F13","bank_name_3","java.lang.String","@"
"SECONDARY_ACCOUNTS_2d","G13","bank_name_4","java.lang.String","@"
"SECONDARY_ACCOUNTS_2d","D14","account_number","java.lang.String","@"
"SECONDARY_ACCOUNTS_2d","E14","account_number_2","java.lang.String","@"
"SECONDARY_ACCOUNTS_2d","F14","account_number_3","java.lang.String","@"
"SECONDARY_ACCOUNTS_2d","G14","account_number_4","java.lang.String","@"
"SECONDARY_ACCOUNTS_2d","D15","bank_s_signature_req","java.lang.String","0"
"SECONDARY_ACCOUNTS_2d","E15","dual_signature","java.lang.String","0"
"SECONDARY_ACCOUNTS_2d","F15","dual_signature_2","java.lang.String","0"
"SECONDARY_ACCOUNTS_2d","G15","dual_signature_3","java.lang.String","0"
"SECONDARY_ACCOUNTS_2d","D16","dual_signature_account_type","java.lang.String","@"
"SECONDARY_ACCOUNTS_2d","E16","dual_signature_account_type_2","java.lang.String","@"
"SECONDARY_ACCOUNTS_2d","F16","dual_signature_account_type_3","java.lang.String","@"
"SECONDARY_ACCOUNTS_2d","G16","dual_signature_account_type_4","java.lang.String","@"
"SECONDARY_ACCOUNTS_2d","D17","dual_signature_interest_bearing","java.lang.String","@"
"SECONDARY_ACCOUNTS_2d","E17","dual_signature_interest_bearing_2","java.lang.String","@"
"SECONDARY_ACCOUNTS_2d","F17","dual_signature_interest_bearing_3","java.lang.String","@"
"SECONDARY_ACCOUNTS_2d","G17","dual_signature_interest_bearing_4","java.lang.String","@"
"SECONDARY_ACCOUNTS_2d","D18","dual_signature_statement_end_date","java.lang.String","m/d/yy"
"SECONDARY_ACCOUNTS_2d","E18","dual_signature_statement_end_date_2","java.lang.String","m/d/yy"
"SECONDARY_ACCOUNTS_2d","F18","dual_signature_statement_end_date_3","java.lang.String","m/d/yy"
"SECONDARY_ACCOUNTS_2d","G18","dual_signature_statement_end_date_4","java.lang.String","m/d/yy"
"SECONDARY_ACCOUNTS_2d","D19","dual_signature_a_statement_ending_balance","java.lang.String","#,##0.00_);(#,##0.00)"
"SECONDARY_ACCOUNTS_2d","E19","dual_signature_a_statement_ending_balance_2","java.lang.String","#,##0.00_);(#,##0.00)"
"SECONDARY_ACCOUNTS_2d","F19","dual_signature_a_statement_ending_balance_3","java.lang.String","#,##0.00_);(#,##0.00)"
"SECONDARY_ACCOUNTS_2d","G19","dual_signature_a_statement_ending_balance_4","java.lang.String","#,##0.00_);(#,##0.00)"
"SECONDARY_ACCOUNTS_2d","I19","a","java.lang.Double","General"
"SECONDARY_ACCOUNTS_2d","D20","dual_signature_b_total_deposits_not_credited","java.lang.String","#,##0.00_);(#,##0.00)"
"SECONDARY_ACCOUNTS_2d","E20","dual_signature_b_total_deposits_not_credited_2","java.lang.String","#,##0.00_);(#,##0.00)"
"SECONDARY_ACCOUNTS_2d","F20","dual_signature_b_total_deposits_not_credited_3","java.lang.String","#,##0.00_);(#,##0.00)"
"SECONDARY_ACCOUNTS_2d","G20","dual_signature_b_total_deposits_not_credited_4","java.lang.String","#,##0.00_);(#,##0.00)"
"SECONDARY_ACCOUNTS_2d","D21","dual_signature_c_total_withdrawals_not_cleared","java.lang.String","#,##0.00_);(#,##0.00)"
"SECONDARY_ACCOUNTS_2d","E21","dual_signature_c_total_withdrawals_not_cleared_2","java.lang.String","#,##0.00_);(#,##0.00)"
"SECONDARY_ACCOUNTS_2d","F21","dual_signature_c_total_withdrawals_not_cleared_3","java.lang.String","#,##0.00_);(#,##0.00)"
"SECONDARY_ACCOUNTS_2d","G21","dual_signature_c_total_withdrawals_not_cleared_4","java.lang.String","#,##0.00_);(#,##0.00)"
"SECONDARY_ACCOUNTS_2d","D22","dual_signature_non_interest_bearing_adjusted_bank_balance_a_b_c","java.lang.Double","#,##0.00_);(#,##0.00)"
"SECONDARY_ACCOUNTS_2d","E22","dual_signature_if_and_d_17_yes_d_18_d_19_0_d_19_d_20_d_21_0","java.lang.Double","#,##0.00_);(#,##0.00)"
"SECONDARY_ACCOUNTS_2d","F22","dual_signature_if_and_e_17_yes_e_18_e_19_0_e_19_e_20_e_21_0","java.lang.Double","#,##0.00_);(#,##0.00)"
"SECONDARY_ACCOUNTS_2d","G22","dual_signature_if_and_f_17_yes_f_18_f_19_0_f_19_f_20_f_21_0","java.lang.Double","#,##0.00_);(#,##0.00)"
"SECONDARY_ACCOUNTS_2d","I22","contents_c_14_pg_1_i_a","java.lang.Double","#,##0.00_);(#,##0.00)"
"SECONDARY_ACCOUNTS_2d","D23","if_and_d_17_yes_d_18_d_19_0_d_19_d_20_d_21_0_interest_bearing_adjusted_bank_balance_a_b_c","java.lang.Double","#,##0.00_);(#,##0.00)"
"SECONDARY_ACCOUNTS_2d","E23","if_and_e_17_yes_e_18_e_19_0_e_19_e_20_e_21_0_if_and_d_17_yes_d_18_d_19_0_d_19_d_20_d_21_0","java.lang.Double","#,##0.00_);(#,##0.00)"
"SECONDARY_ACCOUNTS_2d","F23","if_and_f_17_yes_f_18_f_19_0_f_19_f_20_f_21_0_if_and_e_17_yes_e_18_e_19_0_e_19_e_20_e_21_0","java.lang.Double","#,##0.00_);(#,##0.00)"
"SECONDARY_ACCOUNTS_2d","G23","if_and_g_17_yes_g_18_g_19_0_g_19_g_20_g_21_0_if_and_f_17_yes_f_18_f_19_0_f_19_f_20_f_21_0","java.lang.Double","#,##0.00_);(#,##0.00)"
"SECONDARY_ACCOUNTS_2d","I23","if_d22_d25_d22_0_if_e22_e25_e22_0_if_f22_f25_f22_0_if_g22_g25_g22_0_pg_1_i_b","java.lang.Double","#,##0.00_);(#,##0.00)"
"SECONDARY_ACCOUNTS_2d","D25","ending_balances_ending_balance_in_register_ledger","java.lang.String","#,##0.00_);(#,##0.00)"
"SECONDARY_ACCOUNTS_2d","E25","if_and_e_17_yes_e_18_e_19_0_e_19_e_20_e_21_0_ending_balance_in_register_ledger","java.lang.String","#,##0.00_);(#,##0.00)"
"SECONDARY_ACCOUNTS_2d","F25","if_and_f_17_yes_f_18_f_19_0_f_19_f_20_f_21_0_ending_balance_in_register_ledger","java.lang.String","#,##0.00_);(#,##0.00)"
"SECONDARY_ACCOUNTS_2d","G25","if_and_g_17_yes_g_18_g_19_0_g_19_g_20_g_21_0_ending_balance_in_register_ledger","java.lang.String","#,##0.00_);(#,##0.00)"
"SECONDARY_ACCOUNTS_2d","D27","signatories_legal_name","java.lang.String","@"
"SECONDARY_ACCOUNTS_2d","E27","if_and_e_17_yes_e_18_e_19_0_e_19_e_20_e_21_0_legal_name","java.lang.String","@"
"SECONDARY_ACCOUNTS_2d","F27","if_and_f_17_yes_f_18_f_19_0_f_19_f_20_f_21_0_legal_name","java.lang.String","@"
"SECONDARY_ACCOUNTS_2d","G27","if_and_g_17_yes_g_18_g_19_0_g_19_g_20_g_21_0_legal_name","java.lang.String","@"
"SECONDARY_ACCOUNTS_2d","D28","signatories_member","java.lang.String","0"
"SECONDARY_ACCOUNTS_2d","E28","if_and_e_17_yes_e_18_e_19_0_e_19_e_20_e_21_0_member","java.lang.String","0"
"SECONDARY_ACCOUNTS_2d","F28","if_and_f_17_yes_f_18_f_19_0_f_19_f_20_f_21_0_member","java.lang.String","0"
"SECONDARY_ACCOUNTS_2d","G28","if_and_g_17_yes_g_18_g_19_0_g_19_g_20_g_21_0_member","java.lang.String","0"
"SECONDARY_ACCOUNTS_2d","D29","signatories_expiration_mm_yyyy","java.lang.String","mm/yyyy"
"SECONDARY_ACCOUNTS_2d","E29","if_and_e_17_yes_e_18_e_19_0_e_19_e_20_e_21_0_expiration_mm_yyyy","java.lang.String","mm/yyyy"
"SECONDARY_ACCOUNTS_2d","F29","if_and_f_17_yes_f_18_f_19_0_f_19_f_20_f_21_0_expiration_mm_yyyy","java.lang.String","mm/yyyy"
"SECONDARY_ACCOUNTS_2d","G29","if_and_g_17_yes_g_18_g_19_0_g_19_g_20_g_21_0_expiration_mm_yyyy","java.lang.String","mm/yyyy"
"SECONDARY_ACCOUNTS_2d","D30","signatories_legal_name_2","java.lang.String","@"
"SECONDARY_ACCOUNTS_2d","E30","if_and_e_17_yes_e_18_e_19_0_e_19_e_20_e_21_0_legal_name_2","java.lang.String","@"
"SECONDARY_ACCOUNTS_2d","F30","if_and_f_17_yes_f_18_f_19_0_f_19_f_20_f_21_0_legal_name_2","java.lang.String","@"
"SECONDARY_ACCOUNTS_2d","G30","if_and_g_17_yes_g_18_g_19_0_g_19_g_20_g_21_0_legal_name_2","java.lang.String","@"
"SECONDARY_ACCOUNTS_2d","D31","signatories_member_2","java.lang.String","0"
"SECONDARY_ACCOUNTS_2d","E31","if_and_e_17_yes_e_18_e_19_0_e_19_e_20_e_21_0_member_2","java.lang.String","0"
"SECONDARY_ACCOUNTS_2d","F31","if_and_f_17_yes_f_18_f_19_0_f_19_f_20_f_21_0_member_2","java.lang.String","0"
"SECONDARY_ACCOUNTS_2d","G31","if_and_g_17_yes_g_18_g_19_0_g_19_g_20_g_21_0_member_2","java.lang.String","0"
"SECONDARY_ACCOUNTS_2d","D32","signatories_expiration_mm_yyyy_2","java.lang.String","mm/yyyy"
"SECONDARY_ACCOUNTS_2d","E32","if_and_e_17_yes_e_18_e_19_0_e_19_e_20_e_21_0_expiration_mm_yyyy_2","java.lang.String","mm/yyyy"
"SECONDARY_ACCOUNTS_2d","F32","if_and_f_17_yes_f_18_f_19_0_f_19_f_20_f_21_0_expiration_mm_yyyy_2","java.lang.String","mm/yyyy"
"SECONDARY_ACCOUNTS_2d","G32","if_and_g_17_yes_g_18_g_19_0_g_19_g_20_g_21_0_expiration_mm_yyyy_2","java.lang.String","mm/yyyy"
"SECONDARY_ACCOUNTS_2d","D33","signatories_legal_name_3","java.lang.String","@"
"SECONDARY_ACCOUNTS_2d","E33","if_and_e_17_yes_e_18_e_19_0_e_19_e_20_e_21_0_legal_name_3","java.lang.String","@"
"SECONDARY_ACCOUNTS_2d","F33","if_and_f_17_yes_f_18_f_19_0_f_19_f_20_f_21_0_legal_name_3","java.lang.String","@"
"SECONDARY_ACCOUNTS_2d","G33","if_and_g_17_yes_g_18_g_19_0_g_19_g_20_g_21_0_legal_name_3","java.lang.String","@"
"SECONDARY_ACCOUNTS_2d","D34","signatories_member_3","java.lang.String","0"
"SECONDARY_ACCOUNTS_2d","E34","if_and_e_17_yes_e_18_e_19_0_e_19_e_20_e_21_0_member_3","java.lang.String","0"
"SECONDARY_ACCOUNTS_2d","F34","if_and_f_17_yes_f_18_f_19_0_f_19_f_20_f_21_0_member_3","java.lang.String","0"
"SECONDARY_ACCOUNTS_2d","G34","if_and_g_17_yes_g_18_g_19_0_g_19_g_20_g_21_0_member_3","java.lang.String","0"
"SECONDARY_ACCOUNTS_2d","D35","signatories_expiration_mm_yyyy_3","java.lang.String","mm/yyyy"
"SECONDARY_ACCOUNTS_2d","E35","if_and_e_17_yes_e_18_e_19_0_e_19_e_20_e_21_0_expiration_mm_yyyy_3","java.lang.String","mm/yyyy"
"SECONDARY_ACCOUNTS_2d","F35","if_and_f_17_yes_f_18_f_19_0_f_19_f_20_f_21_0_expiration_mm_yyyy_3","java.lang.String","mm/yyyy"
"SECONDARY_ACCOUNTS_2d","G35","if_and_g_17_yes_g_18_g_19_0_g_19_g_20_g_21_0_expiration_mm_yyyy_3","java.lang.String","mm/yyyy"
"SECONDARY_ACCOUNTS_2d","D36","signatories_legal_name_4","java.lang.String","@"
"SECONDARY_ACCOUNTS_2d","E36","if_and_e_17_yes_e_18_e_19_0_e_19_e_20_e_21_0_legal_name_4","java.lang.String","@"
"SECONDARY_ACCOUNTS_2d","F36","if_and_f_17_yes_f_18_f_19_0_f_19_f_20_f_21_0_legal_name_4","java.lang.String","@"
"SECONDARY_ACCOUNTS_2d","G36","if_and_g_17_yes_g_18_g_19_0_g_19_g_20_g_21_0_legal_name_4","java.lang.String","@"
"SECONDARY_ACCOUNTS_2d","D37","signatories_member_4","java.lang.String","0"
"SECONDARY_ACCOUNTS_2d","E37","if_and_e_17_yes_e_18_e_19_0_e_19_e_20_e_21_0_member_4","java.lang.String","0"
"SECONDARY_ACCOUNTS_2d","F37","if_and_f_17_yes_f_18_f_19_0_f_19_f_20_f_21_0_member_4","java.lang.String","0"
"SECONDARY_ACCOUNTS_2d","G37","if_and_g_17_yes_g_18_g_19_0_g_19_g_20_g_21_0_member_4","java.lang.String","0"
"SECONDARY_ACCOUNTS_2d","D38","signatories_expiration_mm_yyyy_4","java.lang.String","mm/yyyy"
"SECONDARY_ACCOUNTS_2d","E38","if_and_e_17_yes_e_18_e_19_0_e_19_e_20_e_21_0_expiration_mm_yyyy_4","java.lang.String","mm/yyyy"
"SECONDARY_ACCOUNTS_2d","F38","if_and_f_17_yes_f_18_f_19_0_f_19_f_20_f_21_0_expiration_mm_yyyy_4","java.lang.String","mm/yyyy"
"SECONDARY_ACCOUNTS_2d","G38","if_and_g_17_yes_g_18_g_19_0_g_19_g_20_g_21_0_expiration_mm_yyyy_4","java.lang.String","mm/yyyy"
"SECONDARY_ACCOUNTS_2d","D39","signatories_legal_name_5","java.lang.String","@"
"SECONDARY_ACCOUNTS_2d","E39","if_and_e_17_yes_e_18_e_19_0_e_19_e_20_e_21_0_legal_name_5","java.lang.String","@"
"SECONDARY_ACCOUNTS_2d","F39","if_and_f_17_yes_f_18_f_19_0_f_19_f_20_f_21_0_legal_name_5","java.lang.String","@"
"SECONDARY_ACCOUNTS_2d","G39","if_and_g_17_yes_g_18_g_19_0_g_19_g_20_g_21_0_legal_name_5","java.lang.String","@"
"SECONDARY_ACCOUNTS_2d","D40","signatories_member_5","java.lang.String","0"
"SECONDARY_ACCOUNTS_2d","E40","if_and_e_17_yes_e_18_e_19_0_e_19_e_20_e_21_0_member_5","java.lang.String","0"
"SECONDARY_ACCOUNTS_2d","F40","if_and_f_17_yes_f_18_f_19_0_f_19_f_20_f_21_0_member_5","java.lang.String","0"
"SECONDARY_ACCOUNTS_2d","G40","if_and_g_17_yes_g_18_g_19_0_g_19_g_20_g_21_0_member_5","java.lang.String","0"
"SECONDARY_ACCOUNTS_2d","D41","signatories_expiration_mm_yyyy_5","java.lang.String","mm/yyyy"
"SECONDARY_ACCOUNTS_2d","E41","if_and_e_17_yes_e_18_e_19_0_e_19_e_20_e_21_0_expiration_mm_yyyy_5","java.lang.String","mm/yyyy"
"SECONDARY_ACCOUNTS_2d","F41","if_and_f_17_yes_f_18_f_19_0_f_19_f_20_f_21_0_expiration_mm_yyyy_5","java.lang.String","mm/yyyy"
"SECONDARY_ACCOUNTS_2d","G41","if_and_g_17_yes_g_18_g_19_0_g_19_g_20_g_21_0_expiration_mm_yyyy_5","java.lang.String","mm/yyyy"
"SECONDARY_ACCOUNTS_2d","D42","signatories_legal_name_6","java.lang.String","@"
"SECONDARY_ACCOUNTS_2d","E42","if_and_e_17_yes_e_18_e_19_0_e_19_e_20_e_21_0_legal_name_6","java.lang.String","@"
"SECONDARY_ACCOUNTS_2d","F42","if_and_f_17_yes_f_18_f_19_0_f_19_f_20_f_21_0_legal_name_6","java.lang.String","@"
"SECONDARY_ACCOUNTS_2d","G42","if_and_g_17_yes_g_18_g_19_0_g_19_g_20_g_21_0_legal_name_6","java.lang.String","@"
"SECONDARY_ACCOUNTS_2d","D43","signatories_member_6","java.lang.String","0"
"SECONDARY_ACCOUNTS_2d","E43","if_and_e_17_yes_e_18_e_19_0_e_19_e_20_e_21_0_member_6","java.lang.String","0"
"SECONDARY_ACCOUNTS_2d","F43","if_and_f_17_yes_f_18_f_19_0_f_19_f_20_f_21_0_member_6","java.lang.String","0"
"SECONDARY_ACCOUNTS_2d","G43","if_and_g_17_yes_g_18_g_19_0_g_19_g_20_g_21_0_member_6","java.lang.String","0"
"SECONDARY_ACCOUNTS_2d","D44","signatories_expiration_mm_yyyy_6","java.lang.String","mm/yyyy"
"SECONDARY_ACCOUNTS_2d","E44","if_and_e_17_yes_e_18_e_19_0_e_19_e_20_e_21_0_expiration_mm_yyyy_6","java.lang.String","mm/yyyy"
"SECONDARY_ACCOUNTS_2d","F44","if_and_f_17_yes_f_18_f_19_0_f_19_f_20_f_21_0_expiration_mm_yyyy_6","java.lang.String","mm/yyyy"
"SECONDARY_ACCOUNTS_2d","G44","if_and_g_17_yes_g_18_g_19_0_g_19_g_20_g_21_0_expiration_mm_yyyy_6","java.lang.String","mm/yyyy"
"SECONDARY_ACCOUNTS_2d","C63","other","java.lang.Double","General"
