sheetName,cellRef,fieldName,javaType,excelFormat
"SECONDARY_ACCOUNTS_2c","C2","secondary_accounts_2c_r2c3","java.lang.Double","General"
"SECONDARY_ACCOUNTS_2c","C3","contents_b59","java.lang.Double","General"
"SECONDARY_ACCOUNTS_2c","C4","contents_e_3","java.lang.Double","General"
"SECONDARY_ACCOUNTS_2c","C6","contents_e_4","java.lang.Double","General"
"SECONDARY_ACCOUNTS_2c","D13","bank_name","java.lang.String","@"
"SECONDARY_ACCOUNTS_2c","E13","bank_name_2","java.lang.String","@"
"SECONDARY_ACCOUNTS_2c","F13","bank_name_3","java.lang.String","@"
"SECONDARY_ACCOUNTS_2c","G13","bank_name_4","java.lang.String","@"
"SECONDARY_ACCOUNTS_2c","D14","account_number","java.lang.String","@"
"SECONDARY_ACCOUNTS_2c","E14","account_number_2","java.lang.String","@"
"SECONDARY_ACCOUNTS_2c","F14","account_number_3","java.lang.String","@"
"SECONDARY_ACCOUNTS_2c","G14","account_number_4","java.lang.String","@"
"SECONDARY_ACCOUNTS_2c","D15","bank_s_signature_req","java.lang.String","0"
"SECONDARY_ACCOUNTS_2c","E15","dual_signature","java.lang.String","0"
"SECONDARY_ACCOUNTS_2c","F15","dual_signature_2","java.lang.String","0"
"SECONDARY_ACCOUNTS_2c","G15","dual_signature_3","java.lang.String","0"
"SECONDARY_ACCOUNTS_2c","D16","dual_signature_account_type","java.lang.String","@"
"SECONDARY_ACCOUNTS_2c","E16","dual_signature_account_type_2","java.lang.String","@"
"SECONDARY_ACCOUNTS_2c","F16","dual_signature_account_type_3","java.lang.String","@"
"SECONDARY_ACCOUNTS_2c","G16","dual_signature_account_type_4","java.lang.String","@"
"SECONDARY_ACCOUNTS_2c","D17","dual_signature_interest_bearing","java.lang.String","@"
"SECONDARY_ACCOUNTS_2c","E17","dual_signature_interest_bearing_2","java.lang.String","@"
"SECONDARY_ACCOUNTS_2c","F17","dual_signature_interest_bearing_3","java.lang.String","@"
"SECONDARY_ACCOUNTS_2c","G17","dual_signature_interest_bearing_4","java.lang.String","@"
"SECONDARY_ACCOUNTS_2c","D18","dual_signature_statement_end_date","java.lang.String","m/d/yy"
"SECONDARY_ACCOUNTS_2c","E18","dual_signature_statement_end_date_2","java.lang.String","m/d/yy"
"SECONDARY_ACCOUNTS_2c","F18","dual_signature_statement_end_date_3","java.lang.String","m/d/yy"
"SECONDARY_ACCOUNTS_2c","G18","dual_signature_statement_end_date_4","java.lang.String","m/d/yy"
"SECONDARY_ACCOUNTS_2c","D19","dual_signature_a_statement_ending_balance","java.lang.String","#,##0.00_);(#,##0.00)"
"SECONDARY_ACCOUNTS_2c","E19","dual_signature_a_statement_ending_balance_2","java.lang.String","#,##0.00_);(#,##0.00)"
"SECONDARY_ACCOUNTS_2c","F19","dual_signature_a_statement_ending_balance_3","java.lang.String","#,##0.00_);(#,##0.00)"
"SECONDARY_ACCOUNTS_2c","G19","dual_signature_a_statement_ending_balance_4","java.lang.String","#,##0.00_);(#,##0.00)"
"SECONDARY_ACCOUNTS_2c","I19","a","java.lang.Double","General"
"SECONDARY_ACCOUNTS_2c","D20","dual_signature_b_total_deposits_not_credited","java.lang.String","#,##0.00_);(#,##0.00)"
"SECONDARY_ACCOUNTS_2c","E20","dual_signature_b_total_deposits_not_credited_2","java.lang.String","#,##0.00_);(#,##0.00)"
"SECONDARY_ACCOUNTS_2c","F20","dual_signature_b_total_deposits_not_credited_3","java.lang.String","#,##0.00_);(#,##0.00)"
"SECONDARY_ACCOUNTS_2c","G20","dual_signature_b_total_deposits_not_credited_4","java.lang.String","#,##0.00_);(#,##0.00)"
"SECONDARY_ACCOUNTS_2c","D21","dual_signature_c_total_withdrawals_not_cleared","java.lang.String","#,##0.00_);(#,##0.00)"
"SECONDARY_ACCOUNTS_2c","E21","dual_signature_c_total_withdrawals_not_cleared_2","java.lang.String","#,##0.00_);(#,##0.00)"
"SECONDARY_ACCOUNTS_2c","F21","dual_signature_c_total_withdrawals_not_cleared_3","java.lang.String","#,##0.00_);(#,##0.00)"
"SECONDARY_ACCOUNTS_2c","G21","dual_signature_c_total_withdrawals_not_cleared_4","java.lang.String","#,##0.00_);(#,##0.00)"
"SECONDARY_ACCOUNTS_2c","D22","dual_signature_non_interest_bearing_adjusted_bank_balance_a_b_c","java.lang.Double","#,##0.00_);(#,##0.00)"
"SECONDARY_ACCOUNTS_2c","E22","dual_signature_if_and_d_17_yes_d_18_d_19_0_d_19_d_20_d_21_0","java.lang.Double","#,##0.00_);(#,##0.00)"
"SECONDARY_ACCOUNTS_2c","F22","dual_signature_if_and_e_17_yes_e_18_e_19_0_e_19_e_20_e_21_0","java.lang.Double","#,##0.00_);(#,##0.00)"
"SECONDARY_ACCOUNTS_2c","G22","dual_signature_if_and_f_17_yes_f_18_f_19_0_f_19_f_20_f_21_0","java.lang.Double","#,##0.00_);(#,##0.00)"
"SECONDARY_ACCOUNTS_2c","I22","contents_c_14_pg_1_i_a","java.lang.Double","#,##0.00_);(#,##0.00)"
"SECONDARY_ACCOUNTS_2c","D23","if_and_d_17_yes_d_18_d_19_0_d_19_d_20_d_21_0_interest_bearing_adjusted_bank_balance_a_b_c","java.lang.Double","#,##0.00_);(#,##0.00)"
"SECONDARY_ACCOUNTS_2c","E23","if_and_e_17_yes_e_18_e_19_0_e_19_e_20_e_21_0_if_and_d_17_yes_d_18_d_19_0_d_19_d_20_d_21_0","java.lang.Double","#,##0.00_);(#,##0.00)"
"SECONDARY_ACCOUNTS_2c","F23","if_and_f_17_yes_f_18_f_19_0_f_19_f_20_f_21_0_if_and_e_17_yes_e_18_e_19_0_e_19_e_20_e_21_0","java.lang.Double","#,##0.00_);(#,##0.00)"
"SECONDARY_ACCOUNTS_2c","G23","if_and_g_17_yes_g_18_g_19_0_g_19_g_20_g_21_0_if_and_f_17_yes_f_18_f_19_0_f_19_f_20_f_21_0","java.lang.Double","#,##0.00_);(#,##0.00)"
"SECONDARY_ACCOUNTS_2c","I23","if_d22_d25_d22_0_if_e22_e25_e22_0_if_f22_f25_f22_0_if_g22_g25_g22_0_pg_1_i_b","java.lang.Double","#,##0.00_);(#,##0.00)"
"SECONDARY_ACCOUNTS_2c","D25","ending_balances_ending_balance_in_register_ledger","java.lang.String","#,##0.00_);(#,##0.00)"
"SECONDARY_ACCOUNTS_2c","E25","if_and_e_17_yes_e_18_e_19_0_e_19_e_20_e_21_0_ending_balance_in_register_ledger","java.lang.String","#,##0.00_);(#,##0.00)"
"SECONDARY_ACCOUNTS_2c","F25","if_and_f_17_yes_f_18_f_19_0_f_19_f_20_f_21_0_ending_balance_in_register_ledger","java.lang.String","#,##0.00_);(#,##0.00)"
"SECONDARY_ACCOUNTS_2c","G25","if_and_g_17_yes_g_18_g_19_0_g_19_g_20_g_21_0_ending_balance_in_register_ledger","java.lang.String","#,##0.00_);(#,##0.00)"
"SECONDARY_ACCOUNTS_2c","D27","signatories_legal_name","java.lang.String","@"
"SECONDARY_ACCOUNTS_2c","E27","if_and_e_17_yes_e_18_e_19_0_e_19_e_20_e_21_0_legal_name","java.lang.String","@"
"SECONDARY_ACCOUNTS_2c","F27","if_and_f_17_yes_f_18_f_19_0_f_19_f_20_f_21_0_legal_name","java.lang.String","@"
"SECONDARY_ACCOUNTS_2c","G27","if_and_g_17_yes_g_18_g_19_0_g_19_g_20_g_21_0_legal_name","java.lang.String","@"
"SECONDARY_ACCOUNTS_2c","D28","signatories_member","java.lang.String","0"
"SECONDARY_ACCOUNTS_2c","E28","if_and_e_17_yes_e_18_e_19_0_e_19_e_20_e_21_0_member","java.lang.String","0"
"SECONDARY_ACCOUNTS_2c","F28","if_and_f_17_yes_f_18_f_19_0_f_19_f_20_f_21_0_member","java.lang.String","0"
"SECONDARY_ACCOUNTS_2c","G28","if_and_g_17_yes_g_18_g_19_0_g_19_g_20_g_21_0_member","java.lang.String","0"
"SECONDARY_ACCOUNTS_2c","D29","signatories_expiration_mm_yyyy","java.lang.String","mm/yyyy"
"SECONDARY_ACCOUNTS_2c","E29","if_and_e_17_yes_e_18_e_19_0_e_19_e_20_e_21_0_expiration_mm_yyyy","java.lang.String","mm/yyyy"
"SECONDARY_ACCOUNTS_2c","F29","if_and_f_17_yes_f_18_f_19_0_f_19_f_20_f_21_0_expiration_mm_yyyy","java.lang.String","mm/yyyy"
"SECONDARY_ACCOUNTS_2c","G29","if_and_g_17_yes_g_18_g_19_0_g_19_g_20_g_21_0_expiration_mm_yyyy","java.lang.String","mm/yyyy"
"SECONDARY_ACCOUNTS_2c","D30","signatories_legal_name_2","java.lang.String","@"
"SECONDARY_ACCOUNTS_2c","E30","if_and_e_17_yes_e_18_e_19_0_e_19_e_20_e_21_0_legal_name_2","java.lang.String","@"
"SECONDARY_ACCOUNTS_2c","F30","if_and_f_17_yes_f_18_f_19_0_f_19_f_20_f_21_0_legal_name_2","java.lang.String","@"
"SECONDARY_ACCOUNTS_2c","G30","if_and_g_17_yes_g_18_g_19_0_g_19_g_20_g_21_0_legal_name_2","java.lang.String","@"
"SECONDARY_ACCOUNTS_2c","D31","signatories_member_2","java.lang.String","0"
"SECONDARY_ACCOUNTS_2c","E31","if_and_e_17_yes_e_18_e_19_0_e_19_e_20_e_21_0_member_2","java.lang.String","0"
"SECONDARY_ACCOUNTS_2c","F31","if_and_f_17_yes_f_18_f_19_0_f_19_f_20_f_21_0_member_2","java.lang.String","0"
"SECONDARY_ACCOUNTS_2c","G31","if_and_g_17_yes_g_18_g_19_0_g_19_g_20_g_21_0_member_2","java.lang.String","0"
"SECONDARY_ACCOUNTS_2c","D32","signatories_expiration_mm_yyyy_2","java.lang.String","mm/yyyy"
"SECONDARY_ACCOUNTS_2c","E32","if_and_e_17_yes_e_18_e_19_0_e_19_e_20_e_21_0_expiration_mm_yyyy_2","java.lang.String","mm/yyyy"
"SECONDARY_ACCOUNTS_2c","F32","if_and_f_17_yes_f_18_f_19_0_f_19_f_20_f_21_0_expiration_mm_yyyy_2","java.lang.String","mm/yyyy"
"SECONDARY_ACCOUNTS_2c","G32","if_and_g_17_yes_g_18_g_19_0_g_19_g_20_g_21_0_expiration_mm_yyyy_2","java.lang.String","mm/yyyy"
"SECONDARY_ACCOUNTS_2c","D33","signatories_legal_name_3","java.lang.String","@"
"SECONDARY_ACCOUNTS_2c","E33","if_and_e_17_yes_e_18_e_19_0_e_19_e_20_e_21_0_legal_name_3","java.lang.String","@"
"SECONDARY_ACCOUNTS_2c","F33","if_and_f_17_yes_f_18_f_19_0_f_19_f_20_f_21_0_legal_name_3","java.lang.String","@"
"SECONDARY_ACCOUNTS_2c","G33","if_and_g_17_yes_g_18_g_19_0_g_19_g_20_g_21_0_legal_name_3","java.lang.String","@"
"SECONDARY_ACCOUNTS_2c","D34","signatories_member_3","java.lang.String","0"
"SECONDARY_ACCOUNTS_2c","E34","if_and_e_17_yes_e_18_e_19_0_e_19_e_20_e_21_0_member_3","java.lang.String","0"
"SECONDARY_ACCOUNTS_2c","F34","if_and_f_17_yes_f_18_f_19_0_f_19_f_20_f_21_0_member_3","java.lang.String","0"
"SECONDARY_ACCOUNTS_2c","G34","if_and_g_17_yes_g_18_g_19_0_g_19_g_20_g_21_0_member_3","java.lang.String","0"
"SECONDARY_ACCOUNTS_2c","D35","signatories_expiration_mm_yyyy_3","java.lang.String","mm/yyyy"
"SECONDARY_ACCOUNTS_2c","E35","if_and_e_17_yes_e_18_e_19_0_e_19_e_20_e_21_0_expiration_mm_yyyy_3","java.lang.String","mm/yyyy"
"SECONDARY_ACCOUNTS_2c","F35","if_and_f_17_yes_f_18_f_19_0_f_19_f_20_f_21_0_expiration_mm_yyyy_3","java.lang.String","mm/yyyy"
"SECONDARY_ACCOUNTS_2c","G35","if_and_g_17_yes_g_18_g_19_0_g_19_g_20_g_21_0_expiration_mm_yyyy_3","java.lang.String","mm/yyyy"
"SECONDARY_ACCOUNTS_2c","D36","signatories_legal_name_4","java.lang.String","@"
"SECONDARY_ACCOUNTS_2c","E36","if_and_e_17_yes_e_18_e_19_0_e_19_e_20_e_21_0_legal_name_4","java.lang.String","@"
"SECONDARY_ACCOUNTS_2c","F36","if_and_f_17_yes_f_18_f_19_0_f_19_f_20_f_21_0_legal_name_4","java.lang.String","@"
"SECONDARY_ACCOUNTS_2c","G36","if_and_g_17_yes_g_18_g_19_0_g_19_g_20_g_21_0_legal_name_4","java.lang.String","@"
"SECONDARY_ACCOUNTS_2c","D37","signatories_member_4","java.lang.String","0"
"SECONDARY_ACCOUNTS_2c","E37","if_and_e_17_yes_e_18_e_19_0_e_19_e_20_e_21_0_member_4","java.lang.String","0"
"SECONDARY_ACCOUNTS_2c","F37","if_and_f_17_yes_f_18_f_19_0_f_19_f_20_f_21_0_member_4","java.lang.String","0"
"SECONDARY_ACCOUNTS_2c","G37","if_and_g_17_yes_g_18_g_19_0_g_19_g_20_g_21_0_member_4","java.lang.String","0"
"SECONDARY_ACCOUNTS_2c","D38","signatories_expiration_mm_yyyy_4","java.lang.String","mm/yyyy"
"SECONDARY_ACCOUNTS_2c","E38","if_and_e_17_yes_e_18_e_19_0_e_19_e_20_e_21_0_expiration_mm_yyyy_4","java.lang.String","mm/yyyy"
"SECONDARY_ACCOUNTS_2c","F38","if_and_f_17_yes_f_18_f_19_0_f_19_f_20_f_21_0_expiration_mm_yyyy_4","java.lang.String","mm/yyyy"
"SECONDARY_ACCOUNTS_2c","G38","if_and_g_17_yes_g_18_g_19_0_g_19_g_20_g_21_0_expiration_mm_yyyy_4","java.lang.String","mm/yyyy"
"SECONDARY_ACCOUNTS_2c","D39","signatories_legal_name_5","java.lang.String","@"
"SECONDARY_ACCOUNTS_2c","E39","if_and_e_17_yes_e_18_e_19_0_e_19_e_20_e_21_0_legal_name_5","java.lang.String","@"
"SECONDARY_ACCOUNTS_2c","F39","if_and_f_17_yes_f_18_f_19_0_f_19_f_20_f_21_0_legal_name_5","java.lang.String","@"
"SECONDARY_ACCOUNTS_2c","G39","if_and_g_17_yes_g_18_g_19_0_g_19_g_20_g_21_0_legal_name_5","java.lang.String","@"
"SECONDARY_ACCOUNTS_2c","D40","signatories_member_5","java.lang.String","0"
"SECONDARY_ACCOUNTS_2c","E40","if_and_e_17_yes_e_18_e_19_0_e_19_e_20_e_21_0_member_5","java.lang.String","0"
"SECONDARY_ACCOUNTS_2c","F40","if_and_f_17_yes_f_18_f_19_0_f_19_f_20_f_21_0_member_5","java.lang.String","0"
"SECONDARY_ACCOUNTS_2c","G40","if_and_g_17_yes_g_18_g_19_0_g_19_g_20_g_21_0_member_5","java.lang.String","0"
"SECONDARY_ACCOUNTS_2c","D41","signatories_expiration_mm_yyyy_5","java.lang.String","mm/yyyy"
"SECONDARY_ACCOUNTS_2c","E41","if_and_e_17_yes_e_18_e_19_0_e_19_e_20_e_21_0_expiration_mm_yyyy_5","java.lang.String","mm/yyyy"
"SECONDARY_ACCOUNTS_2c","F41","if_and_f_17_yes_f_18_f_19_0_f_19_f_20_f_21_0_expiration_mm_yyyy_5","java.lang.String","mm/yyyy"
"SECONDARY_ACCOUNTS_2c","G41","if_and_g_17_yes_g_18_g_19_0_g_19_g_20_g_21_0_expiration_mm_yyyy_5","java.lang.String","mm/yyyy"
"SECONDARY_ACCOUNTS_2c","D42","signatories_legal_name_6","java.lang.String","@"
"SECONDARY_ACCOUNTS_2c","E42","if_and_e_17_yes_e_18_e_19_0_e_19_e_20_e_21_0_legal_name_6","java.lang.String","@"
"SECONDARY_ACCOUNTS_2c","F42","if_and_f_17_yes_f_18_f_19_0_f_19_f_20_f_21_0_legal_name_6","java.lang.String","@"
"SECONDARY_ACCOUNTS_2c","G42","if_and_g_17_yes_g_18_g_19_0_g_19_g_20_g_21_0_legal_name_6","java.lang.String","@"
"SECONDARY_ACCOUNTS_2c","D43","signatories_member_6","java.lang.String","0"
"SECONDARY_ACCOUNTS_2c","E43","if_and_e_17_yes_e_18_e_19_0_e_19_e_20_e_21_0_member_6","java.lang.String","0"
"SECONDARY_ACCOUNTS_2c","F43","if_and_f_17_yes_f_18_f_19_0_f_19_f_20_f_21_0_member_6","java.lang.String","0"
"SECONDARY_ACCOUNTS_2c","G43","if_and_g_17_yes_g_18_g_19_0_g_19_g_20_g_21_0_member_6","java.lang.String","0"
"SECONDARY_ACCOUNTS_2c","D44","signatories_expiration_mm_yyyy_6","java.lang.String","mm/yyyy"
"SECONDARY_ACCOUNTS_2c","E44","if_and_e_17_yes_e_18_e_19_0_e_19_e_20_e_21_0_expiration_mm_yyyy_6","java.lang.String","mm/yyyy"
"SECONDARY_ACCOUNTS_2c","F44","if_and_f_17_yes_f_18_f_19_0_f_19_f_20_f_21_0_expiration_mm_yyyy_6","java.lang.String","mm/yyyy"
"SECONDARY_ACCOUNTS_2c","G44","if_and_g_17_yes_g_18_g_19_0_g_19_g_20_g_21_0_expiration_mm_yyyy_6","java.lang.String","mm/yyyy"
"SECONDARY_ACCOUNTS_2c","C63","other","java.lang.Double","General"
