sheetName,cellRef,fieldName,javaType,excelFormat
"TRANSFER_IN_9b","C2","transfer_in_9b_r2c3","java.lang.Double","General"
"TRANSFER_IN_9b","C3","contents_b59","java.lang.Double","General"
"TRANSFER_IN_9b","C4","contents_e_3","java.lang.Double","General"
"TRANSFER_IN_9b","C6","contents_e_4","java.lang.Double","General"
"TRANSFER_IN_9b","C11","within_the_kingdom","java.lang.String","@"
"TRANSFER_IN_9b","D11","check","java.lang.String","@"
"TRANSFER_IN_9b","E11","check_date","java.lang.String","[$-409]d\-mmm\-yyyy;@"
"TRANSFER_IN_9b","F11","amount","java.lang.String","#,##0.00_);(#,##0.00)"
"TRANSFER_IN_9b","C12","within_the_kingdom_2","java.lang.String","@"
"TRANSFER_IN_9b","D12","check_2","java.lang.String","@"
"TRANSFER_IN_9b","E12","check_date_2","java.lang.String","[$-409]d\-mmm\-yyyy;@"
"TRANSFER_IN_9b","F12","amount_2","java.lang.String","#,##0.00_);(#,##0.00)"
"TRANSFER_IN_9b","C13","within_the_kingdom_3","java.lang.String","@"
"TRANSFER_IN_9b","D13","check_3","java.lang.String","@"
"TRANSFER_IN_9b","E13","check_date_3","java.lang.String","[$-409]d\-mmm\-yyyy;@"
"TRANSFER_IN_9b","F13","amount_3","java.lang.String","#,##0.00_);(#,##0.00)"
"TRANSFER_IN_9b","C14","within_the_kingdom_4","java.lang.String","@"
"TRANSFER_IN_9b","D14","check_4","java.lang.String","@"
"TRANSFER_IN_9b","E14","check_date_4","java.lang.String","[$-409]d\-mmm\-yyyy;@"
"TRANSFER_IN_9b","F14","amount_4","java.lang.String","#,##0.00_);(#,##0.00)"
"TRANSFER_IN_9b","C15","within_the_kingdom_5","java.lang.String","@"
"TRANSFER_IN_9b","D15","check_5","java.lang.String","@"
"TRANSFER_IN_9b","E15","check_date_5","java.lang.String","[$-409]d\-mmm\-yyyy;@"
"TRANSFER_IN_9b","F15","amount_5","java.lang.String","#,##0.00_);(#,##0.00)"
"TRANSFER_IN_9b","C16","within_the_kingdom_6","java.lang.String","@"
"TRANSFER_IN_9b","D16","check_6","java.lang.String","@"
"TRANSFER_IN_9b","E16","check_date_6","java.lang.String","[$-409]d\-mmm\-yyyy;@"
"TRANSFER_IN_9b","F16","amount_6","java.lang.String","#,##0.00_);(#,##0.00)"
"TRANSFER_IN_9b","C17","within_the_kingdom_7","java.lang.String","@"
"TRANSFER_IN_9b","D17","check_7","java.lang.String","@"
"TRANSFER_IN_9b","E17","check_date_7","java.lang.String","[$-409]d\-mmm\-yyyy;@"
"TRANSFER_IN_9b","F17","amount_7","java.lang.String","#,##0.00_);(#,##0.00)"
"TRANSFER_IN_9b","C18","within_the_kingdom_8","java.lang.String","@"
"TRANSFER_IN_9b","D18","check_8","java.lang.String","@"
"TRANSFER_IN_9b","E18","check_date_8","java.lang.String","[$-409]d\-mmm\-yyyy;@"
"TRANSFER_IN_9b","F18","amount_8","java.lang.String","#,##0.00_);(#,##0.00)"
"TRANSFER_IN_9b","C19","within_the_kingdom_9","java.lang.String","@"
"TRANSFER_IN_9b","D19","check_9","java.lang.String","@"
"TRANSFER_IN_9b","E19","check_date_9","java.lang.String","[$-409]d\-mmm\-yyyy;@"
"TRANSFER_IN_9b","F19","amount_9","java.lang.String","#,##0.00_);(#,##0.00)"
"TRANSFER_IN_9b","C20","within_the_kingdom_10","java.lang.String","@"
"TRANSFER_IN_9b","D20","check_10","java.lang.String","@"
"TRANSFER_IN_9b","E20","check_date_10","java.lang.String","[$-409]d\-mmm\-yyyy;@"
"TRANSFER_IN_9b","F20","amount_10","java.lang.String","#,##0.00_);(#,##0.00)"
"TRANSFER_IN_9b","C21","within_the_kingdom_11","java.lang.String","@"
"TRANSFER_IN_9b","D21","check_11","java.lang.String","@"
"TRANSFER_IN_9b","E21","check_date_11","java.lang.String","[$-409]d\-mmm\-yyyy;@"
"TRANSFER_IN_9b","F21","amount_11","java.lang.String","#,##0.00_);(#,##0.00)"
"TRANSFER_IN_9b","C22","within_the_kingdom_12","java.lang.String","@"
"TRANSFER_IN_9b","D22","check_12","java.lang.String","@"
"TRANSFER_IN_9b","E22","check_date_12","java.lang.String","[$-409]d\-mmm\-yyyy;@"
"TRANSFER_IN_9b","F22","amount_12","java.lang.String","#,##0.00_);(#,##0.00)"
"TRANSFER_IN_9b","C23","within_the_kingdom_13","java.lang.String","@"
"TRANSFER_IN_9b","D23","check_13","java.lang.String","@"
"TRANSFER_IN_9b","E23","check_date_13","java.lang.String","[$-409]d\-mmm\-yyyy;@"
"TRANSFER_IN_9b","F23","amount_13","java.lang.String","#,##0.00_);(#,##0.00)"
"TRANSFER_IN_9b","C24","within_the_kingdom_14","java.lang.String","@"
"TRANSFER_IN_9b","D24","check_14","java.lang.String","@"
"TRANSFER_IN_9b","E24","check_date_14","java.lang.String","[$-409]d\-mmm\-yyyy;@"
"TRANSFER_IN_9b","F24","amount_14","java.lang.String","#,##0.00_);(#,##0.00)"
"TRANSFER_IN_9b","C25","within_the_kingdom_15","java.lang.String","@"
"TRANSFER_IN_9b","D25","check_15","java.lang.String","@"
"TRANSFER_IN_9b","E25","check_date_15","java.lang.String","[$-409]d\-mmm\-yyyy;@"
"TRANSFER_IN_9b","F25","amount_15","java.lang.String","#,##0.00_);(#,##0.00)"
"TRANSFER_IN_9b","C26","within_the_kingdom_16","java.lang.String","@"
"TRANSFER_IN_9b","D26","check_16","java.lang.String","@"
"TRANSFER_IN_9b","E26","check_date_16","java.lang.String","[$-409]d\-mmm\-yyyy;@"
"TRANSFER_IN_9b","F26","amount_16","java.lang.String","#,##0.00_);(#,##0.00)"
"TRANSFER_IN_9b","C27","within_the_kingdom_17","java.lang.String","@"
"TRANSFER_IN_9b","D27","check_17","java.lang.String","@"
"TRANSFER_IN_9b","E27","check_date_17","java.lang.String","[$-409]d\-mmm\-yyyy;@"
"TRANSFER_IN_9b","F27","amount_17","java.lang.String","#,##0.00_);(#,##0.00)"
"TRANSFER_IN_9b","C28","within_the_kingdom_18","java.lang.String","@"
"TRANSFER_IN_9b","D28","check_18","java.lang.String","@"
"TRANSFER_IN_9b","E28","check_date_18","java.lang.String","[$-409]d\-mmm\-yyyy;@"
"TRANSFER_IN_9b","F28","amount_18","java.lang.String","#,##0.00_);(#,##0.00)"
"TRANSFER_IN_9b","C29","within_the_kingdom_19","java.lang.String","@"
"TRANSFER_IN_9b","D29","check_19","java.lang.String","@"
"TRANSFER_IN_9b","E29","check_date_19","java.lang.String","[$-409]d\-mmm\-yyyy;@"
"TRANSFER_IN_9b","F29","amount_19","java.lang.String","#,##0.00_);(#,##0.00)"
"TRANSFER_IN_9b","C30","within_the_kingdom_20","java.lang.String","@"
"TRANSFER_IN_9b","D30","check_20","java.lang.String","@"
"TRANSFER_IN_9b","E30","check_date_20","java.lang.String","[$-409]d\-mmm\-yyyy;@"
"TRANSFER_IN_9b","F30","amount_20","java.lang.String","#,##0.00_);(#,##0.00)"
"TRANSFER_IN_9b","C31","within_the_kingdom_21","java.lang.String","@"
"TRANSFER_IN_9b","D31","check_21","java.lang.String","@"
"TRANSFER_IN_9b","E31","check_date_21","java.lang.String","[$-409]d\-mmm\-yyyy;@"
"TRANSFER_IN_9b","F31","amount_21","java.lang.String","#,##0.00_);(#,##0.00)"
"TRANSFER_IN_9b","F32","amount_total","java.lang.Double","#,##0.00_);(#,##0.00)"
"TRANSFER_IN_9b","C36","outside_the_kingdom_kingdom_and_branch_or_account","java.lang.String","@"
"TRANSFER_IN_9b","D36","check_22","java.lang.String","@"
"TRANSFER_IN_9b","E36","check_date_22","java.lang.String","[$-409]d\-mmm\-yyyy;@"
"TRANSFER_IN_9b","F36","amount_22","java.lang.String","#,##0.00_);(#,##0.00)"
"TRANSFER_IN_9b","C37","outside_the_kingdom_kingdom_and_branch_or_account_2","java.lang.String","@"
"TRANSFER_IN_9b","D37","check_23","java.lang.String","@"
"TRANSFER_IN_9b","E37","check_date_23","java.lang.String","[$-409]d\-mmm\-yyyy;@"
"TRANSFER_IN_9b","F37","amount_23","java.lang.String","#,##0.00_);(#,##0.00)"
"TRANSFER_IN_9b","C38","outside_the_kingdom_kingdom_and_branch_or_account_3","java.lang.String","@"
"TRANSFER_IN_9b","D38","check_24","java.lang.String","@"
"TRANSFER_IN_9b","E38","check_date_24","java.lang.String","[$-409]d\-mmm\-yyyy;@"
"TRANSFER_IN_9b","F38","amount_24","java.lang.String","#,##0.00_);(#,##0.00)"
"TRANSFER_IN_9b","C39","outside_the_kingdom_kingdom_and_branch_or_account_4","java.lang.String","@"
"TRANSFER_IN_9b","D39","check_25","java.lang.String","@"
"TRANSFER_IN_9b","E39","check_date_25","java.lang.String","[$-409]d\-mmm\-yyyy;@"
"TRANSFER_IN_9b","F39","amount_25","java.lang.String","#,##0.00_);(#,##0.00)"
"TRANSFER_IN_9b","C40","outside_the_kingdom_kingdom_and_branch_or_account_5","java.lang.String","@"
"TRANSFER_IN_9b","D40","check_26","java.lang.String","@"
"TRANSFER_IN_9b","E40","check_date_26","java.lang.String","[$-409]d\-mmm\-yyyy;@"
"TRANSFER_IN_9b","F40","amount_26","java.lang.String","#,##0.00_);(#,##0.00)"
"TRANSFER_IN_9b","C41","outside_the_kingdom_kingdom_and_branch_or_account_6","java.lang.String","@"
"TRANSFER_IN_9b","D41","check_27","java.lang.String","@"
"TRANSFER_IN_9b","E41","check_date_27","java.lang.String","[$-409]d\-mmm\-yyyy;@"
"TRANSFER_IN_9b","F41","amount_27","java.lang.String","#,##0.00_);(#,##0.00)"
"TRANSFER_IN_9b","C42","outside_the_kingdom_kingdom_and_branch_or_account_7","java.lang.String","@"
"TRANSFER_IN_9b","D42","check_28","java.lang.String","@"
"TRANSFER_IN_9b","E42","check_date_28","java.lang.String","[$-409]d\-mmm\-yyyy;@"
"TRANSFER_IN_9b","F42","amount_28","java.lang.String","#,##0.00_);(#,##0.00)"
"TRANSFER_IN_9b","C43","outside_the_kingdom_kingdom_and_branch_or_account_8","java.lang.String","@"
"TRANSFER_IN_9b","D43","check_29","java.lang.String","@"
"TRANSFER_IN_9b","E43","check_date_29","java.lang.String","[$-409]d\-mmm\-yyyy;@"
"TRANSFER_IN_9b","F43","amount_29","java.lang.String","#,##0.00_);(#,##0.00)"
"TRANSFER_IN_9b","C44","outside_the_kingdom_kingdom_and_branch_or_account_9","java.lang.String","@"
"TRANSFER_IN_9b","D44","check_30","java.lang.String","@"
"TRANSFER_IN_9b","E44","check_date_30","java.lang.String","[$-409]d\-mmm\-yyyy;@"
"TRANSFER_IN_9b","F44","amount_30","java.lang.String","#,##0.00_);(#,##0.00)"
"TRANSFER_IN_9b","C45","outside_the_kingdom_kingdom_and_branch_or_account_10","java.lang.String","@"
"TRANSFER_IN_9b","D45","check_31","java.lang.String","@"
"TRANSFER_IN_9b","E45","check_date_31","java.lang.String","[$-409]d\-mmm\-yyyy;@"
"TRANSFER_IN_9b","F45","amount_31","java.lang.String","#,##0.00_);(#,##0.00)"
"TRANSFER_IN_9b","C46","outside_the_kingdom_kingdom_and_branch_or_account_11","java.lang.String","@"
"TRANSFER_IN_9b","D46","check_32","java.lang.String","@"
"TRANSFER_IN_9b","E46","check_date_32","java.lang.String","[$-409]d\-mmm\-yyyy;@"
"TRANSFER_IN_9b","F46","amount_32","java.lang.String","#,##0.00_);(#,##0.00)"
"TRANSFER_IN_9b","C47","outside_the_kingdom_kingdom_and_branch_or_account_12","java.lang.String","@"
"TRANSFER_IN_9b","D47","check_33","java.lang.String","@"
"TRANSFER_IN_9b","E47","check_date_33","java.lang.String","[$-409]d\-mmm\-yyyy;@"
"TRANSFER_IN_9b","F47","amount_33","java.lang.String","#,##0.00_);(#,##0.00)"
"TRANSFER_IN_9b","C48","outside_the_kingdom_kingdom_and_branch_or_account_13","java.lang.String","@"
"TRANSFER_IN_9b","D48","check_34","java.lang.String","@"
"TRANSFER_IN_9b","E48","check_date_34","java.lang.String","[$-409]d\-mmm\-yyyy;@"
"TRANSFER_IN_9b","F48","amount_34","java.lang.String","#,##0.00_);(#,##0.00)"
"TRANSFER_IN_9b","C49","outside_the_kingdom_kingdom_and_branch_or_account_14","java.lang.String","@"
"TRANSFER_IN_9b","D49","check_35","java.lang.String","@"
"TRANSFER_IN_9b","E49","check_date_35","java.lang.String","[$-409]d\-mmm\-yyyy;@"
"TRANSFER_IN_9b","F49","amount_35","java.lang.String","#,##0.00_);(#,##0.00)"
"TRANSFER_IN_9b","C50","outside_the_kingdom_kingdom_and_branch_or_account_15","java.lang.String","@"
"TRANSFER_IN_9b","D50","check_36","java.lang.String","@"
"TRANSFER_IN_9b","E50","check_date_36","java.lang.String","[$-409]d\-mmm\-yyyy;@"
"TRANSFER_IN_9b","F50","amount_36","java.lang.String","#,##0.00_);(#,##0.00)"
"TRANSFER_IN_9b","C51","outside_the_kingdom_kingdom_and_branch_or_account_16","java.lang.String","@"
"TRANSFER_IN_9b","D51","check_37","java.lang.String","@"
"TRANSFER_IN_9b","E51","check_date_37","java.lang.String","[$-409]d\-mmm\-yyyy;@"
"TRANSFER_IN_9b","F51","amount_37","java.lang.String","#,##0.00_);(#,##0.00)"
"TRANSFER_IN_9b","C52","outside_the_kingdom_kingdom_and_branch_or_account_17","java.lang.String","@"
"TRANSFER_IN_9b","D52","check_38","java.lang.String","@"
"TRANSFER_IN_9b","E52","check_date_38","java.lang.String","[$-409]d\-mmm\-yyyy;@"
"TRANSFER_IN_9b","F52","amount_38","java.lang.String","#,##0.00_);(#,##0.00)"
"TRANSFER_IN_9b","C53","outside_the_kingdom_kingdom_and_branch_or_account_18","java.lang.String","@"
"TRANSFER_IN_9b","D53","check_39","java.lang.String","@"
"TRANSFER_IN_9b","E53","check_date_39","java.lang.String","[$-409]d\-mmm\-yyyy;@"
"TRANSFER_IN_9b","F53","amount_39","java.lang.String","#,##0.00_);(#,##0.00)"
"TRANSFER_IN_9b","F54","amount_total_2","java.lang.Double","#,##0.00_);(#,##0.00)"
