sheetName,cellRef,fieldName,javaType,excelFormat
"TRANSFER_IN_9","C2","transfer_in_9_r2c3","java.lang.Double","General"
"TRANSFER_IN_9","C3","contents_b59","java.lang.Double","General"
"TRANSFER_IN_9","C4","contents_e_3","java.lang.Double","General"
"TRANSFER_IN_9","C6","contents_e_4","java.lang.Double","General"
"TRANSFER_IN_9","C10","sca_funds_transferred_detail_in","java.lang.String","General"
"TRANSFER_IN_9","D10","new_funds_received_from_paypal_scars_get_reported_on_11_b_income_dtl","java.lang.String","General"
"TRANSFER_IN_9","E10","new_funds_received_from_paypal_scars_get_reported_on_11_b_income_dtl_2","java.lang.String","General"
"TRANSFER_IN_9","F10","new_funds_received_from_paypal_scars_get_reported_on_11_b_income_dtl_3","java.lang.String","General"
"TRANSFER_IN_9","C14","within_the_kingdom","java.lang.String","@"
"TRANSFER_IN_9","D14","check","java.lang.String","@"
"TRANSFER_IN_9","E14","check_date","java.lang.String","m/d/yy"
"TRANSFER_IN_9","F14","amount","java.lang.String","#,##0.00_);(#,##0.00)"
"TRANSFER_IN_9","C15","within_the_kingdom_2","java.lang.String","@"
"TRANSFER_IN_9","D15","check_2","java.lang.String","@"
"TRANSFER_IN_9","E15","check_date_2","java.lang.String","m/d/yy"
"TRANSFER_IN_9","F15","amount_2","java.lang.String","#,##0.00_);(#,##0.00)"
"TRANSFER_IN_9","C16","within_the_kingdom_3","java.lang.String","@"
"TRANSFER_IN_9","D16","check_3","java.lang.String","@"
"TRANSFER_IN_9","E16","check_date_3","java.lang.String","m/d/yy"
"TRANSFER_IN_9","F16","amount_3","java.lang.String","#,##0.00_);(#,##0.00)"
"TRANSFER_IN_9","C17","within_the_kingdom_4","java.lang.String","@"
"TRANSFER_IN_9","D17","check_4","java.lang.String","@"
"TRANSFER_IN_9","E17","check_date_4","java.lang.String","m/d/yy"
"TRANSFER_IN_9","F17","amount_4","java.lang.String","#,##0.00_);(#,##0.00)"
"TRANSFER_IN_9","C18","within_the_kingdom_5","java.lang.String","@"
"TRANSFER_IN_9","D18","check_5","java.lang.String","@"
"TRANSFER_IN_9","E18","check_date_5","java.lang.String","m/d/yy"
"TRANSFER_IN_9","F18","amount_5","java.lang.String","#,##0.00_);(#,##0.00)"
"TRANSFER_IN_9","C19","within_the_kingdom_6","java.lang.String","@"
"TRANSFER_IN_9","D19","check_6","java.lang.String","@"
"TRANSFER_IN_9","E19","check_date_6","java.lang.String","m/d/yy"
"TRANSFER_IN_9","F19","amount_6","java.lang.String","#,##0.00_);(#,##0.00)"
"TRANSFER_IN_9","C20","within_the_kingdom_7","java.lang.String","@"
"TRANSFER_IN_9","D20","check_7","java.lang.String","@"
"TRANSFER_IN_9","E20","check_date_7","java.lang.String","m/d/yy"
"TRANSFER_IN_9","F20","amount_7","java.lang.String","#,##0.00_);(#,##0.00)"
"TRANSFER_IN_9","C21","within_the_kingdom_8","java.lang.String","@"
"TRANSFER_IN_9","D21","check_8","java.lang.String","@"
"TRANSFER_IN_9","E21","check_date_8","java.lang.String","m/d/yy"
"TRANSFER_IN_9","F21","amount_8","java.lang.String","#,##0.00_);(#,##0.00)"
"TRANSFER_IN_9","C22","within_the_kingdom_9","java.lang.String","@"
"TRANSFER_IN_9","D22","check_9","java.lang.String","@"
"TRANSFER_IN_9","E22","check_date_9","java.lang.String","m/d/yy"
"TRANSFER_IN_9","F22","amount_9","java.lang.String","#,##0.00_);(#,##0.00)"
"TRANSFER_IN_9","C23","within_the_kingdom_10","java.lang.String","@"
"TRANSFER_IN_9","D23","check_10","java.lang.String","@"
"TRANSFER_IN_9","E23","check_date_10","java.lang.String","m/d/yy"
"TRANSFER_IN_9","F23","amount_10","java.lang.String","#,##0.00_);(#,##0.00)"
"TRANSFER_IN_9","C24","within_the_kingdom_11","java.lang.String","@"
"TRANSFER_IN_9","D24","check_11","java.lang.String","@"
"TRANSFER_IN_9","E24","check_date_11","java.lang.String","m/d/yy"
"TRANSFER_IN_9","F24","amount_11","java.lang.String","#,##0.00_);(#,##0.00)"
"TRANSFER_IN_9","C25","within_the_kingdom_12","java.lang.String","@"
"TRANSFER_IN_9","D25","check_12","java.lang.String","@"
"TRANSFER_IN_9","E25","check_date_12","java.lang.String","m/d/yy"
"TRANSFER_IN_9","F25","amount_12","java.lang.String","#,##0.00_);(#,##0.00)"
"TRANSFER_IN_9","C26","within_the_kingdom_13","java.lang.String","@"
"TRANSFER_IN_9","D26","check_13","java.lang.String","@"
"TRANSFER_IN_9","E26","check_date_13","java.lang.String","m/d/yy"
"TRANSFER_IN_9","F26","amount_13","java.lang.String","#,##0.00_);(#,##0.00)"
"TRANSFER_IN_9","C27","within_the_kingdom_14","java.lang.String","@"
"TRANSFER_IN_9","D27","check_14","java.lang.String","@"
"TRANSFER_IN_9","E27","check_date_14","java.lang.String","m/d/yy"
"TRANSFER_IN_9","F27","amount_14","java.lang.String","#,##0.00_);(#,##0.00)"
"TRANSFER_IN_9","C28","within_the_kingdom_15","java.lang.String","@"
"TRANSFER_IN_9","D28","check_15","java.lang.String","@"
"TRANSFER_IN_9","E28","check_date_15","java.lang.String","m/d/yy"
"TRANSFER_IN_9","F28","amount_15","java.lang.String","#,##0.00_);(#,##0.00)"
"TRANSFER_IN_9","C29","within_the_kingdom_16","java.lang.String","@"
"TRANSFER_IN_9","D29","check_16","java.lang.String","@"
"TRANSFER_IN_9","E29","check_date_16","java.lang.String","m/d/yy"
"TRANSFER_IN_9","F29","amount_16","java.lang.String","#,##0.00_);(#,##0.00)"
"TRANSFER_IN_9","C30","within_the_kingdom_17","java.lang.String","@"
"TRANSFER_IN_9","D30","check_17","java.lang.String","@"
"TRANSFER_IN_9","E30","check_date_17","java.lang.String","m/d/yy"
"TRANSFER_IN_9","F30","amount_17","java.lang.String","#,##0.00_);(#,##0.00)"
"TRANSFER_IN_9","C31","within_the_kingdom_18","java.lang.String","@"
"TRANSFER_IN_9","D31","check_18","java.lang.String","@"
"TRANSFER_IN_9","E31","check_date_18","java.lang.String","m/d/yy"
"TRANSFER_IN_9","F31","amount_18","java.lang.String","#,##0.00_);(#,##0.00)"
"TRANSFER_IN_9","C32","within_the_kingdom_19","java.lang.String","@"
"TRANSFER_IN_9","D32","check_19","java.lang.String","@"
"TRANSFER_IN_9","E32","check_date_19","java.lang.String","m/d/yy"
"TRANSFER_IN_9","F32","amount_19","java.lang.String","#,##0.00_);(#,##0.00)"
"TRANSFER_IN_9","C33","within_the_kingdom_20","java.lang.String","@"
"TRANSFER_IN_9","D33","check_20","java.lang.String","@"
"TRANSFER_IN_9","E33","check_date_20","java.lang.String","m/d/yy"
"TRANSFER_IN_9","F33","amount_20","java.lang.String","#,##0.00_);(#,##0.00)"
"TRANSFER_IN_9","C34","within_the_kingdom_21","java.lang.String","@"
"TRANSFER_IN_9","D34","check_21","java.lang.String","@"
"TRANSFER_IN_9","E34","check_date_21","java.lang.String","m/d/yy"
"TRANSFER_IN_9","F34","amount_21","java.lang.String","#,##0.00_);(#,##0.00)"
"TRANSFER_IN_9","C35","within_the_kingdom_22","java.lang.String","@"
"TRANSFER_IN_9","D35","check_22","java.lang.String","@"
"TRANSFER_IN_9","E35","check_date_22","java.lang.String","m/d/yy"
"TRANSFER_IN_9","F35","amount_22","java.lang.String","#,##0.00_);(#,##0.00)"
"TRANSFER_IN_9","C36","within_the_kingdom_23","java.lang.String","@"
"TRANSFER_IN_9","D36","check_23","java.lang.String","@"
"TRANSFER_IN_9","E36","check_date_23","java.lang.String","m/d/yy"
"TRANSFER_IN_9","F36","amount_23","java.lang.String","#,##0.00_);(#,##0.00)"
"TRANSFER_IN_9","C37","within_the_kingdom_24","java.lang.String","@"
"TRANSFER_IN_9","D37","check_24","java.lang.String","@"
"TRANSFER_IN_9","E37","check_date_24","java.lang.String","m/d/yy"
"TRANSFER_IN_9","F37","amount_24","java.lang.String","#,##0.00_);(#,##0.00)"
"TRANSFER_IN_9","F38","amount_show_total_on_pg_4_line_4a","java.lang.Double","#,##0.00_);(#,##0.00)"
"TRANSFER_IN_9","C42","outside_the_kingdom_kingdom_and_branch_or_account","java.lang.String","@"
"TRANSFER_IN_9","D42","check_25","java.lang.String","@"
"TRANSFER_IN_9","E42","check_date_25","java.lang.String","m/d/yy"
"TRANSFER_IN_9","F42","amount_25","java.lang.String","#,##0.00_);(#,##0.00)"
"TRANSFER_IN_9","C43","outside_the_kingdom_kingdom_and_branch_or_account_2","java.lang.String","@"
"TRANSFER_IN_9","D43","check_26","java.lang.String","@"
"TRANSFER_IN_9","E43","check_date_26","java.lang.String","m/d/yy"
"TRANSFER_IN_9","F43","amount_26","java.lang.String","#,##0.00_);(#,##0.00)"
"TRANSFER_IN_9","C44","outside_the_kingdom_kingdom_and_branch_or_account_3","java.lang.String","@"
"TRANSFER_IN_9","D44","check_27","java.lang.String","@"
"TRANSFER_IN_9","E44","check_date_27","java.lang.String","m/d/yy"
"TRANSFER_IN_9","F44","amount_27","java.lang.String","#,##0.00_);(#,##0.00)"
"TRANSFER_IN_9","C45","outside_the_kingdom_kingdom_and_branch_or_account_4","java.lang.String","@"
"TRANSFER_IN_9","D45","check_28","java.lang.String","@"
"TRANSFER_IN_9","E45","check_date_28","java.lang.String","m/d/yy"
"TRANSFER_IN_9","F45","amount_28","java.lang.String","#,##0.00_);(#,##0.00)"
"TRANSFER_IN_9","C46","outside_the_kingdom_kingdom_and_branch_or_account_5","java.lang.String","@"
"TRANSFER_IN_9","D46","check_29","java.lang.String","@"
"TRANSFER_IN_9","E46","check_date_29","java.lang.String","m/d/yy"
"TRANSFER_IN_9","F46","amount_29","java.lang.String","#,##0.00_);(#,##0.00)"
"TRANSFER_IN_9","C47","outside_the_kingdom_kingdom_and_branch_or_account_6","java.lang.String","@"
"TRANSFER_IN_9","D47","check_30","java.lang.String","@"
"TRANSFER_IN_9","E47","check_date_30","java.lang.String","m/d/yy"
"TRANSFER_IN_9","F47","amount_30","java.lang.String","#,##0.00_);(#,##0.00)"
"TRANSFER_IN_9","C48","outside_the_kingdom_kingdom_and_branch_or_account_7","java.lang.String","@"
"TRANSFER_IN_9","D48","check_31","java.lang.String","@"
"TRANSFER_IN_9","E48","check_date_31","java.lang.String","m/d/yy"
"TRANSFER_IN_9","F48","amount_31","java.lang.String","#,##0.00_);(#,##0.00)"
"TRANSFER_IN_9","C49","outside_the_kingdom_kingdom_and_branch_or_account_8","java.lang.String","@"
"TRANSFER_IN_9","D49","check_32","java.lang.String","@"
"TRANSFER_IN_9","E49","check_date_32","java.lang.String","m/d/yy"
"TRANSFER_IN_9","F49","amount_32","java.lang.String","#,##0.00_);(#,##0.00)"
"TRANSFER_IN_9","C50","outside_the_kingdom_kingdom_and_branch_or_account_9","java.lang.String","@"
"TRANSFER_IN_9","D50","check_33","java.lang.String","@"
"TRANSFER_IN_9","E50","check_date_33","java.lang.String","m/d/yy"
"TRANSFER_IN_9","F50","amount_33","java.lang.String","#,##0.00_);(#,##0.00)"
"TRANSFER_IN_9","C51","outside_the_kingdom_kingdom_and_branch_or_account_10","java.lang.String","@"
"TRANSFER_IN_9","D51","check_34","java.lang.String","@"
"TRANSFER_IN_9","E51","check_date_34","java.lang.String","m/d/yy"
"TRANSFER_IN_9","F51","amount_34","java.lang.String","#,##0.00_);(#,##0.00)"
"TRANSFER_IN_9","C52","outside_the_kingdom_kingdom_and_branch_or_account_11","java.lang.String","@"
"TRANSFER_IN_9","D52","check_35","java.lang.String","@"
"TRANSFER_IN_9","E52","check_date_35","java.lang.String","m/d/yy"
"TRANSFER_IN_9","F52","amount_35","java.lang.String","#,##0.00_);(#,##0.00)"
"TRANSFER_IN_9","C53","outside_the_kingdom_kingdom_and_branch_or_account_12","java.lang.String","@"
"TRANSFER_IN_9","D53","check_36","java.lang.String","@"
"TRANSFER_IN_9","E53","check_date_36","java.lang.String","m/d/yy"
"TRANSFER_IN_9","F53","amount_36","java.lang.String","#,##0.00_);(#,##0.00)"
"TRANSFER_IN_9","C54","outside_the_kingdom_kingdom_and_branch_or_account_13","java.lang.String","@"
"TRANSFER_IN_9","D54","check_37","java.lang.String","@"
"TRANSFER_IN_9","E54","check_date_37","java.lang.String","m/d/yy"
"TRANSFER_IN_9","F54","amount_37","java.lang.String","#,##0.00_);(#,##0.00)"
"TRANSFER_IN_9","C55","outside_the_kingdom_kingdom_and_branch_or_account_14","java.lang.String","@"
"TRANSFER_IN_9","D55","check_38","java.lang.String","@"
"TRANSFER_IN_9","E55","check_date_38","java.lang.String","m/d/yy"
"TRANSFER_IN_9","F55","amount_38","java.lang.String","#,##0.00_);(#,##0.00)"
"TRANSFER_IN_9","C56","outside_the_kingdom_kingdom_and_branch_or_account_15","java.lang.String","@"
"TRANSFER_IN_9","D56","check_39","java.lang.String","@"
"TRANSFER_IN_9","E56","check_date_39","java.lang.String","m/d/yy"
"TRANSFER_IN_9","F56","amount_39","java.lang.String","#,##0.00_);(#,##0.00)"
"TRANSFER_IN_9","C57","outside_the_kingdom_kingdom_and_branch_or_account_16","java.lang.String","@"
"TRANSFER_IN_9","D57","check_40","java.lang.String","@"
"TRANSFER_IN_9","E57","check_date_40","java.lang.String","m/d/yy"
"TRANSFER_IN_9","F57","amount_40","java.lang.String","#,##0.00_);(#,##0.00)"
"TRANSFER_IN_9","F58","amount_show_total_on_pg_4_line_4b","java.lang.Double","#,##0.00_);(#,##0.00)"
