sheetName,cellRef,fieldName,javaType,excelFormat
"TRANSFER_OUT_10b","C2","transfer_out_10b_r2c3","java.lang.Double","General"
"TRANSFER_OUT_10b","C3","contents_b59","java.lang.Double","General"
"TRANSFER_OUT_10b","C4","contents_e_3","java.lang.Double","General"
"TRANSFER_OUT_10b","C6","contents_e_4","java.lang.Double","General"
"TRANSFER_OUT_10b","C11","within_the_kingdom","java.lang.String","@"
"TRANSFER_OUT_10b","D11","check","java.lang.String","@"
"TRANSFER_OUT_10b","E11","check_date","java.lang.String","[$-409]d\-mmm\-yyyy;@"
"TRANSFER_OUT_10b","F11","amount","java.lang.String","#,##0.00_);(#,##0.00)"
"TRANSFER_OUT_10b","C12","within_the_kingdom_2","java.lang.String","@"
"TRANSFER_OUT_10b","D12","check_2","java.lang.String","@"
"TRANSFER_OUT_10b","E12","check_date_2","java.lang.String","[$-409]d\-mmm\-yyyy;@"
"TRANSFER_OUT_10b","F12","amount_2","java.lang.String","#,##0.00_);(#,##0.00)"
"TRANSFER_OUT_10b","C13","within_the_kingdom_3","java.lang.String","@"
"TRANSFER_OUT_10b","D13","check_3","java.lang.String","@"
"TRANSFER_OUT_10b","E13","check_date_3","java.lang.String","[$-409]d\-mmm\-yyyy;@"
"TRANSFER_OUT_10b","F13","amount_3","java.lang.String","#,##0.00_);(#,##0.00)"
"TRANSFER_OUT_10b","C14","within_the_kingdom_4","java.lang.String","@"
"TRANSFER_OUT_10b","D14","check_4","java.lang.String","@"
"TRANSFER_OUT_10b","E14","check_date_4","java.lang.String","[$-409]d\-mmm\-yyyy;@"
"TRANSFER_OUT_10b","F14","amount_4","java.lang.String","#,##0.00_);(#,##0.00)"
"TRANSFER_OUT_10b","C15","within_the_kingdom_5","java.lang.String","@"
"TRANSFER_OUT_10b","D15","check_5","java.lang.String","@"
"TRANSFER_OUT_10b","E15","check_date_5","java.lang.String","[$-409]d\-mmm\-yyyy;@"
"TRANSFER_OUT_10b","F15","amount_5","java.lang.String","#,##0.00_);(#,##0.00)"
"TRANSFER_OUT_10b","C16","within_the_kingdom_6","java.lang.String","@"
"TRANSFER_OUT_10b","D16","check_6","java.lang.String","@"
"TRANSFER_OUT_10b","E16","check_date_6","java.lang.String","[$-409]d\-mmm\-yyyy;@"
"TRANSFER_OUT_10b","F16","amount_6","java.lang.String","#,##0.00_);(#,##0.00)"
"TRANSFER_OUT_10b","C17","within_the_kingdom_7","java.lang.String","@"
"TRANSFER_OUT_10b","D17","check_7","java.lang.String","@"
"TRANSFER_OUT_10b","E17","check_date_7","java.lang.String","[$-409]d\-mmm\-yyyy;@"
"TRANSFER_OUT_10b","F17","amount_7","java.lang.String","#,##0.00_);(#,##0.00)"
"TRANSFER_OUT_10b","C18","within_the_kingdom_8","java.lang.String","@"
"TRANSFER_OUT_10b","D18","check_8","java.lang.String","@"
"TRANSFER_OUT_10b","E18","check_date_8","java.lang.String","[$-409]d\-mmm\-yyyy;@"
"TRANSFER_OUT_10b","F18","amount_8","java.lang.String","#,##0.00_);(#,##0.00)"
"TRANSFER_OUT_10b","C19","within_the_kingdom_9","java.lang.String","@"
"TRANSFER_OUT_10b","D19","check_9","java.lang.String","@"
"TRANSFER_OUT_10b","E19","check_date_9","java.lang.String","[$-409]d\-mmm\-yyyy;@"
"TRANSFER_OUT_10b","F19","amount_9","java.lang.String","#,##0.00_);(#,##0.00)"
"TRANSFER_OUT_10b","C20","within_the_kingdom_10","java.lang.String","@"
"TRANSFER_OUT_10b","D20","check_10","java.lang.String","@"
"TRANSFER_OUT_10b","E20","check_date_10","java.lang.String","[$-409]d\-mmm\-yyyy;@"
"TRANSFER_OUT_10b","F20","amount_10","java.lang.String","#,##0.00_);(#,##0.00)"
"TRANSFER_OUT_10b","C21","within_the_kingdom_11","java.lang.String","@"
"TRANSFER_OUT_10b","D21","check_11","java.lang.String","@"
"TRANSFER_OUT_10b","E21","check_date_11","java.lang.String","[$-409]d\-mmm\-yyyy;@"
"TRANSFER_OUT_10b","F21","amount_11","java.lang.String","#,##0.00_);(#,##0.00)"
"TRANSFER_OUT_10b","C22","within_the_kingdom_12","java.lang.String","@"
"TRANSFER_OUT_10b","D22","check_12","java.lang.String","@"
"TRANSFER_OUT_10b","E22","check_date_12","java.lang.String","[$-409]d\-mmm\-yyyy;@"
"TRANSFER_OUT_10b","F22","amount_12","java.lang.String","#,##0.00_);(#,##0.00)"
"TRANSFER_OUT_10b","C23","within_the_kingdom_13","java.lang.String","@"
"TRANSFER_OUT_10b","D23","check_13","java.lang.String","@"
"TRANSFER_OUT_10b","E23","check_date_13","java.lang.String","[$-409]d\-mmm\-yyyy;@"
"TRANSFER_OUT_10b","F23","amount_13","java.lang.String","#,##0.00_);(#,##0.00)"
"TRANSFER_OUT_10b","C24","within_the_kingdom_14","java.lang.String","@"
"TRANSFER_OUT_10b","D24","check_14","java.lang.String","@"
"TRANSFER_OUT_10b","E24","check_date_14","java.lang.String","[$-409]d\-mmm\-yyyy;@"
"TRANSFER_OUT_10b","F24","amount_14","java.lang.String","#,##0.00_);(#,##0.00)"
"TRANSFER_OUT_10b","C25","within_the_kingdom_15","java.lang.String","@"
"TRANSFER_OUT_10b","D25","check_15","java.lang.String","@"
"TRANSFER_OUT_10b","E25","check_date_15","java.lang.String","[$-409]d\-mmm\-yyyy;@"
"TRANSFER_OUT_10b","F25","amount_15","java.lang.String","#,##0.00_);(#,##0.00)"
"TRANSFER_OUT_10b","C26","within_the_kingdom_16","java.lang.String","@"
"TRANSFER_OUT_10b","D26","check_16","java.lang.String","@"
"TRANSFER_OUT_10b","E26","check_date_16","java.lang.String","[$-409]d\-mmm\-yyyy;@"
"TRANSFER_OUT_10b","F26","amount_16","java.lang.String","#,##0.00_);(#,##0.00)"
"TRANSFER_OUT_10b","C27","within_the_kingdom_17","java.lang.String","@"
"TRANSFER_OUT_10b","D27","check_17","java.lang.String","@"
"TRANSFER_OUT_10b","E27","check_date_17","java.lang.String","[$-409]d\-mmm\-yyyy;@"
"TRANSFER_OUT_10b","F27","amount_17","java.lang.String","#,##0.00_);(#,##0.00)"
"TRANSFER_OUT_10b","F28","amount_total","java.lang.Double","#,##0.00_);(#,##0.00)"
"TRANSFER_OUT_10b","C32","a_the_corporate_office_or_officer_office_and_reason","java.lang.String","@"
"TRANSFER_OUT_10b","D32","check_18","java.lang.String","@"
"TRANSFER_OUT_10b","E32","check_date_18","java.lang.String","[$-409]d\-mmm\-yyyy;@"
"TRANSFER_OUT_10b","F32","amount_18","java.lang.String","#,##0.00_);(#,##0.00)"
"TRANSFER_OUT_10b","C33","a_the_corporate_office_or_officer_office_and_reason_2","java.lang.String","@"
"TRANSFER_OUT_10b","D33","check_19","java.lang.String","@"
"TRANSFER_OUT_10b","E33","check_date_19","java.lang.String","[$-409]d\-mmm\-yyyy;@"
"TRANSFER_OUT_10b","F33","amount_19","java.lang.String","#,##0.00_);(#,##0.00)"
"TRANSFER_OUT_10b","C34","a_the_corporate_office_or_officer_office_and_reason_3","java.lang.String","@"
"TRANSFER_OUT_10b","D34","check_20","java.lang.String","@"
"TRANSFER_OUT_10b","E34","check_date_20","java.lang.String","[$-409]d\-mmm\-yyyy;@"
"TRANSFER_OUT_10b","F34","amount_20","java.lang.String","#,##0.00_);(#,##0.00)"
"TRANSFER_OUT_10b","C35","a_the_corporate_office_or_officer_office_and_reason_4","java.lang.String","@"
"TRANSFER_OUT_10b","D35","check_21","java.lang.String","@"
"TRANSFER_OUT_10b","E35","check_date_21","java.lang.String","[$-409]d\-mmm\-yyyy;@"
"TRANSFER_OUT_10b","F35","amount_21","java.lang.String","#,##0.00_);(#,##0.00)"
"TRANSFER_OUT_10b","C36","a_the_corporate_office_or_officer_office_and_reason_5","java.lang.String","@"
"TRANSFER_OUT_10b","D36","check_22","java.lang.String","@"
"TRANSFER_OUT_10b","E36","check_date_22","java.lang.String","[$-409]d\-mmm\-yyyy;@"
"TRANSFER_OUT_10b","F36","amount_22","java.lang.String","#,##0.00_);(#,##0.00)"
"TRANSFER_OUT_10b","C37","a_the_corporate_office_or_officer_office_and_reason_6","java.lang.String","@"
"TRANSFER_OUT_10b","D37","check_23","java.lang.String","@"
"TRANSFER_OUT_10b","E37","check_date_23","java.lang.String","[$-409]d\-mmm\-yyyy;@"
"TRANSFER_OUT_10b","F37","amount_23","java.lang.String","#,##0.00_);(#,##0.00)"
"TRANSFER_OUT_10b","C38","a_the_corporate_office_or_officer_office_and_reason_7","java.lang.String","@"
"TRANSFER_OUT_10b","D38","check_24","java.lang.String","@"
"TRANSFER_OUT_10b","E38","check_date_24","java.lang.String","[$-409]d\-mmm\-yyyy;@"
"TRANSFER_OUT_10b","F38","amount_24","java.lang.String","#,##0.00_);(#,##0.00)"
"TRANSFER_OUT_10b","C39","a_the_corporate_office_or_officer_office_and_reason_8","java.lang.String","@"
"TRANSFER_OUT_10b","D39","check_25","java.lang.String","@"
"TRANSFER_OUT_10b","E39","check_date_25","java.lang.String","[$-409]d\-mmm\-yyyy;@"
"TRANSFER_OUT_10b","F39","amount_25","java.lang.String","#,##0.00_);(#,##0.00)"
"TRANSFER_OUT_10b","C40","a_the_corporate_office_or_officer_office_and_reason_9","java.lang.String","@"
"TRANSFER_OUT_10b","D40","check_26","java.lang.String","@"
"TRANSFER_OUT_10b","E40","check_date_26","java.lang.String","[$-409]d\-mmm\-yyyy;@"
"TRANSFER_OUT_10b","F40","amount_26","java.lang.String","#,##0.00_);(#,##0.00)"
"TRANSFER_OUT_10b","C41","a_the_corporate_office_or_officer_office_and_reason_10","java.lang.String","@"
"TRANSFER_OUT_10b","D41","check_27","java.lang.String","@"
"TRANSFER_OUT_10b","E41","check_date_27","java.lang.String","[$-409]d\-mmm\-yyyy;@"
"TRANSFER_OUT_10b","F41","amount_27","java.lang.String","#,##0.00_);(#,##0.00)"
"TRANSFER_OUT_10b","F42","amount_total_a","java.lang.Double","#,##0.00_);(#,##0.00)"
"TRANSFER_OUT_10b","C44","b_outside_the_kingdom_same_country_kingdom_and_branch_or_account","java.lang.String","@"
"TRANSFER_OUT_10b","D44","check_28","java.lang.String","@"
"TRANSFER_OUT_10b","E44","check_date_28","java.lang.String","[$-409]d\-mmm\-yyyy;@"
"TRANSFER_OUT_10b","F44","amount_28","java.lang.String","#,##0.00_);(#,##0.00)"
"TRANSFER_OUT_10b","C45","b_outside_the_kingdom_same_country_kingdom_and_branch_or_account_2","java.lang.String","@"
"TRANSFER_OUT_10b","D45","check_29","java.lang.String","@"
"TRANSFER_OUT_10b","E45","check_date_29","java.lang.String","[$-409]d\-mmm\-yyyy;@"
"TRANSFER_OUT_10b","F45","amount_29","java.lang.String","#,##0.00_);(#,##0.00)"
"TRANSFER_OUT_10b","C46","b_outside_the_kingdom_same_country_kingdom_and_branch_or_account_3","java.lang.String","@"
"TRANSFER_OUT_10b","D46","check_30","java.lang.String","@"
"TRANSFER_OUT_10b","E46","check_date_30","java.lang.String","[$-409]d\-mmm\-yyyy;@"
"TRANSFER_OUT_10b","F46","amount_30","java.lang.String","#,##0.00_);(#,##0.00)"
"TRANSFER_OUT_10b","C47","b_outside_the_kingdom_same_country_kingdom_and_branch_or_account_4","java.lang.String","@"
"TRANSFER_OUT_10b","D47","check_31","java.lang.String","@"
"TRANSFER_OUT_10b","E47","check_date_31","java.lang.String","[$-409]d\-mmm\-yyyy;@"
"TRANSFER_OUT_10b","F47","amount_31","java.lang.String","#,##0.00_);(#,##0.00)"
"TRANSFER_OUT_10b","C48","b_outside_the_kingdom_same_country_kingdom_and_branch_or_account_5","java.lang.String","@"
"TRANSFER_OUT_10b","D48","check_32","java.lang.String","@"
"TRANSFER_OUT_10b","E48","check_date_32","java.lang.String","[$-409]d\-mmm\-yyyy;@"
"TRANSFER_OUT_10b","F48","amount_32","java.lang.String","#,##0.00_);(#,##0.00)"
"TRANSFER_OUT_10b","C49","b_outside_the_kingdom_same_country_kingdom_and_branch_or_account_6","java.lang.String","@"
"TRANSFER_OUT_10b","D49","check_33","java.lang.String","@"
"TRANSFER_OUT_10b","E49","check_date_33","java.lang.String","[$-409]d\-mmm\-yyyy;@"
"TRANSFER_OUT_10b","F49","amount_33","java.lang.String","#,##0.00_);(#,##0.00)"
"TRANSFER_OUT_10b","C50","b_outside_the_kingdom_same_country_kingdom_and_branch_or_account_7","java.lang.String","@"
"TRANSFER_OUT_10b","D50","check_34","java.lang.String","@"
"TRANSFER_OUT_10b","E50","check_date_34","java.lang.String","[$-409]d\-mmm\-yyyy;@"
"TRANSFER_OUT_10b","F50","amount_34","java.lang.String","#,##0.00_);(#,##0.00)"
"TRANSFER_OUT_10b","C51","b_outside_the_kingdom_same_country_kingdom_and_branch_or_account_8","java.lang.String","@"
"TRANSFER_OUT_10b","D51","check_35","java.lang.String","@"
"TRANSFER_OUT_10b","E51","check_date_35","java.lang.String","[$-409]d\-mmm\-yyyy;@"
"TRANSFER_OUT_10b","F51","amount_35","java.lang.String","#,##0.00_);(#,##0.00)"
"TRANSFER_OUT_10b","C52","b_outside_the_kingdom_same_country_kingdom_and_branch_or_account_9","java.lang.String","@"
"TRANSFER_OUT_10b","D52","check_36","java.lang.String","@"
"TRANSFER_OUT_10b","E52","check_date_36","java.lang.String","[$-409]d\-mmm\-yyyy;@"
"TRANSFER_OUT_10b","F52","amount_36","java.lang.String","#,##0.00_);(#,##0.00)"
"TRANSFER_OUT_10b","C53","b_outside_the_kingdom_same_country_kingdom_and_branch_or_account_10","java.lang.String","@"
"TRANSFER_OUT_10b","D53","check_37","java.lang.String","@"
"TRANSFER_OUT_10b","E53","check_date_37","java.lang.String","[$-409]d\-mmm\-yyyy;@"
"TRANSFER_OUT_10b","F53","amount_37","java.lang.String","#,##0.00_);(#,##0.00)"
"TRANSFER_OUT_10b","F54","amount_total_b","java.lang.Double","#,##0.00_);(#,##0.00)"
