sheetName,cellRef,fieldName,javaType,excelFormat
"TRANSFER_IN_9c","C2","transfer_in_9c_r2c3","java.lang.Double","General"
"TRANSFER_IN_9c","C3","contents_b59","java.lang.Double","General"
"TRANSFER_IN_9c","C4","contents_e_3","java.lang.Double","General"
"TRANSFER_IN_9c","C6","contents_e_4","java.lang.Double","General"
"TRANSFER_IN_9c","C11","within_the_kingdom","java.lang.String","@"
"TRANSFER_IN_9c","D11","check","java.lang.String","@"
"TRANSFER_IN_9c","E11","check_date","java.lang.String","[$-409]d\-mmm\-yyyy;@"
"TRANSFER_IN_9c","F11","amount","java.lang.String","#,##0.00_);(#,##0.00)"
"TRANSFER_IN_9c","C12","within_the_kingdom_2","java.lang.String","@"
"TRANSFER_IN_9c","D12","check_2","java.lang.String","@"
"TRANSFER_IN_9c","E12","check_date_2","java.lang.String","[$-409]d\-mmm\-yyyy;@"
"TRANSFER_IN_9c","F12","amount_2","java.lang.String","#,##0.00_);(#,##0.00)"
"TRANSFER_IN_9c","C13","within_the_kingdom_3","java.lang.String","@"
"TRANSFER_IN_9c","D13","check_3","java.lang.String","@"
"TRANSFER_IN_9c","E13","check_date_3","java.lang.String","[$-409]d\-mmm\-yyyy;@"
"TRANSFER_IN_9c","F13","amount_3","java.lang.String","#,##0.00_);(#,##0.00)"
"TRANSFER_IN_9c","C14","within_the_kingdom_4","java.lang.String","@"
"TRANSFER_IN_9c","D14","check_4","java.lang.String","@"
"TRANSFER_IN_9c","E14","check_date_4","java.lang.String","[$-409]d\-mmm\-yyyy;@"
"TRANSFER_IN_9c","F14","amount_4","java.lang.String","#,##0.00_);(#,##0.00)"
"TRANSFER_IN_9c","C15","within_the_kingdom_5","java.lang.String","@"
"TRANSFER_IN_9c","D15","check_5","java.lang.String","@"
"TRANSFER_IN_9c","E15","check_date_5","java.lang.String","[$-409]d\-mmm\-yyyy;@"
"TRANSFER_IN_9c","F15","amount_5","java.lang.String","#,##0.00_);(#,##0.00)"
"TRANSFER_IN_9c","C16","within_the_kingdom_6","java.lang.String","@"
"TRANSFER_IN_9c","D16","check_6","java.lang.String","@"
"TRANSFER_IN_9c","E16","check_date_6","java.lang.String","[$-409]d\-mmm\-yyyy;@"
"TRANSFER_IN_9c","F16","amount_6","java.lang.String","#,##0.00_);(#,##0.00)"
"TRANSFER_IN_9c","C17","within_the_kingdom_7","java.lang.String","@"
"TRANSFER_IN_9c","D17","check_7","java.lang.String","@"
"TRANSFER_IN_9c","E17","check_date_7","java.lang.String","[$-409]d\-mmm\-yyyy;@"
"TRANSFER_IN_9c","F17","amount_7","java.lang.String","#,##0.00_);(#,##0.00)"
"TRANSFER_IN_9c","C18","within_the_kingdom_8","java.lang.String","@"
"TRANSFER_IN_9c","D18","check_8","java.lang.String","@"
"TRANSFER_IN_9c","E18","check_date_8","java.lang.String","[$-409]d\-mmm\-yyyy;@"
"TRANSFER_IN_9c","F18","amount_8","java.lang.String","#,##0.00_);(#,##0.00)"
"TRANSFER_IN_9c","C19","within_the_kingdom_9","java.lang.String","@"
"TRANSFER_IN_9c","D19","check_9","java.lang.String","@"
"TRANSFER_IN_9c","E19","check_date_9","java.lang.String","[$-409]d\-mmm\-yyyy;@"
"TRANSFER_IN_9c","F19","amount_9","java.lang.String","#,##0.00_);(#,##0.00)"
"TRANSFER_IN_9c","C20","within_the_kingdom_10","java.lang.String","@"
"TRANSFER_IN_9c","D20","check_10","java.lang.String","@"
"TRANSFER_IN_9c","E20","check_date_10","java.lang.String","[$-409]d\-mmm\-yyyy;@"
"TRANSFER_IN_9c","F20","amount_10","java.lang.String","#,##0.00_);(#,##0.00)"
"TRANSFER_IN_9c","C21","within_the_kingdom_11","java.lang.String","@"
"TRANSFER_IN_9c","D21","check_11","java.lang.String","@"
"TRANSFER_IN_9c","E21","check_date_11","java.lang.String","[$-409]d\-mmm\-yyyy;@"
"TRANSFER_IN_9c","F21","amount_11","java.lang.String","#,##0.00_);(#,##0.00)"
"TRANSFER_IN_9c","C22","within_the_kingdom_12","java.lang.String","@"
"TRANSFER_IN_9c","D22","check_12","java.lang.String","@"
"TRANSFER_IN_9c","E22","check_date_12","java.lang.String","[$-409]d\-mmm\-yyyy;@"
"TRANSFER_IN_9c","F22","amount_12","java.lang.String","#,##0.00_);(#,##0.00)"
"TRANSFER_IN_9c","C23","within_the_kingdom_13","java.lang.String","@"
"TRANSFER_IN_9c","D23","check_13","java.lang.String","@"
"TRANSFER_IN_9c","E23","check_date_13","java.lang.String","[$-409]d\-mmm\-yyyy;@"
"TRANSFER_IN_9c","F23","amount_13","java.lang.String","#,##0.00_);(#,##0.00)"
"TRANSFER_IN_9c","C24","within_the_kingdom_14","java.lang.String","@"
"TRANSFER_IN_9c","D24","check_14","java.lang.String","@"
"TRANSFER_IN_9c","E24","check_date_14","java.lang.String","[$-409]d\-mmm\-yyyy;@"
"TRANSFER_IN_9c","F24","amount_14","java.lang.String","#,##0.00_);(#,##0.00)"
"TRANSFER_IN_9c","C25","within_the_kingdom_15","java.lang.String","@"
"TRANSFER_IN_9c","D25","check_15","java.lang.String","@"
"TRANSFER_IN_9c","E25","check_date_15","java.lang.String","[$-409]d\-mmm\-yyyy;@"
"TRANSFER_IN_9c","F25","amount_15","java.lang.String","#,##0.00_);(#,##0.00)"
"TRANSFER_IN_9c","C26","within_the_kingdom_16","java.lang.String","@"
"TRANSFER_IN_9c","D26","check_16","java.lang.String","@"
"TRANSFER_IN_9c","E26","check_date_16","java.lang.String","[$-409]d\-mmm\-yyyy;@"
"TRANSFER_IN_9c","F26","amount_16","java.lang.String","#,##0.00_);(#,##0.00)"
"TRANSFER_IN_9c","C27","within_the_kingdom_17","java.lang.String","@"
"TRANSFER_IN_9c","D27","check_17","java.lang.String","@"
"TRANSFER_IN_9c","E27","check_date_17","java.lang.String","[$-409]d\-mmm\-yyyy;@"
"TRANSFER_IN_9c","F27","amount_17","java.lang.String","#,##0.00_);(#,##0.00)"
"TRANSFER_IN_9c","C28","within_the_kingdom_18","java.lang.String","@"
"TRANSFER_IN_9c","D28","check_18","java.lang.String","@"
"TRANSFER_IN_9c","E28","check_date_18","java.lang.String","[$-409]d\-mmm\-yyyy;@"
"TRANSFER_IN_9c","F28","amount_18","java.lang.String","#,##0.00_);(#,##0.00)"
"TRANSFER_IN_9c","C29","within_the_kingdom_19","java.lang.String","@"
"TRANSFER_IN_9c","D29","check_19","java.lang.String","@"
"TRANSFER_IN_9c","E29","check_date_19","java.lang.String","[$-409]d\-mmm\-yyyy;@"
"TRANSFER_IN_9c","F29","amount_19","java.lang.String","#,##0.00_);(#,##0.00)"
"TRANSFER_IN_9c","C30","within_the_kingdom_20","java.lang.String","@"
"TRANSFER_IN_9c","D30","check_20","java.lang.String","@"
"TRANSFER_IN_9c","E30","check_date_20","java.lang.String","[$-409]d\-mmm\-yyyy;@"
"TRANSFER_IN_9c","F30","amount_20","java.lang.String","#,##0.00_);(#,##0.00)"
"TRANSFER_IN_9c","C31","within_the_kingdom_21","java.lang.String","@"
"TRANSFER_IN_9c","D31","check_21","java.lang.String","@"
"TRANSFER_IN_9c","E31","check_date_21","java.lang.String","[$-409]d\-mmm\-yyyy;@"
"TRANSFER_IN_9c","F31","amount_21","java.lang.String","#,##0.00_);(#,##0.00)"
"TRANSFER_IN_9c","F32","amount_total","java.lang.Double","#,##0.00_);(#,##0.00)"
"TRANSFER_IN_9c","C36","outside_the_kingdom_kingdom_and_branch_or_account","java.lang.String","@"
"TRANSFER_IN_9c","D36","check_22","java.lang.String","@"
"TRANSFER_IN_9c","E36","check_date_22","java.lang.String","[$-409]d\-mmm\-yyyy;@"
"TRANSFER_IN_9c","F36","amount_22","java.lang.String","#,##0.00_);(#,##0.00)"
"TRANSFER_IN_9c","C37","outside_the_kingdom_kingdom_and_branch_or_account_2","java.lang.String","@"
"TRANSFER_IN_9c","D37","check_23","java.lang.String","@"
"TRANSFER_IN_9c","E37","check_date_23","java.lang.String","[$-409]d\-mmm\-yyyy;@"
"TRANSFER_IN_9c","F37","amount_23","java.lang.String","#,##0.00_);(#,##0.00)"
"TRANSFER_IN_9c","C38","outside_the_kingdom_kingdom_and_branch_or_account_3","java.lang.String","@"
"TRANSFER_IN_9c","D38","check_24","java.lang.String","@"
"TRANSFER_IN_9c","E38","check_date_24","java.lang.String","[$-409]d\-mmm\-yyyy;@"
"TRANSFER_IN_9c","F38","amount_24","java.lang.String","#,##0.00_);(#,##0.00)"
"TRANSFER_IN_9c","C39","outside_the_kingdom_kingdom_and_branch_or_account_4","java.lang.String","@"
"TRANSFER_IN_9c","D39","check_25","java.lang.String","@"
"TRANSFER_IN_9c","E39","check_date_25","java.lang.String","[$-409]d\-mmm\-yyyy;@"
"TRANSFER_IN_9c","F39","amount_25","java.lang.String","#,##0.00_);(#,##0.00)"
"TRANSFER_IN_9c","C40","outside_the_kingdom_kingdom_and_branch_or_account_5","java.lang.String","@"
"TRANSFER_IN_9c","D40","check_26","java.lang.String","@"
"TRANSFER_IN_9c","E40","check_date_26","java.lang.String","[$-409]d\-mmm\-yyyy;@"
"TRANSFER_IN_9c","F40","amount_26","java.lang.String","#,##0.00_);(#,##0.00)"
"TRANSFER_IN_9c","C41","outside_the_kingdom_kingdom_and_branch_or_account_6","java.lang.String","@"
"TRANSFER_IN_9c","D41","check_27","java.lang.String","@"
"TRANSFER_IN_9c","E41","check_date_27","java.lang.String","[$-409]d\-mmm\-yyyy;@"
"TRANSFER_IN_9c","F41","amount_27","java.lang.String","#,##0.00_);(#,##0.00)"
"TRANSFER_IN_9c","C42","outside_the_kingdom_kingdom_and_branch_or_account_7","java.lang.String","@"
"TRANSFER_IN_9c","D42","check_28","java.lang.String","@"
"TRANSFER_IN_9c","E42","check_date_28","java.lang.String","[$-409]d\-mmm\-yyyy;@"
"TRANSFER_IN_9c","F42","amount_28","java.lang.String","#,##0.00_);(#,##0.00)"
"TRANSFER_IN_9c","C43","outside_the_kingdom_kingdom_and_branch_or_account_8","java.lang.String","@"
"TRANSFER_IN_9c","D43","check_29","java.lang.String","@"
"TRANSFER_IN_9c","E43","check_date_29","java.lang.String","[$-409]d\-mmm\-yyyy;@"
"TRANSFER_IN_9c","F43","amount_29","java.lang.String","#,##0.00_);(#,##0.00)"
"TRANSFER_IN_9c","C44","outside_the_kingdom_kingdom_and_branch_or_account_9","java.lang.String","@"
"TRANSFER_IN_9c","D44","check_30","java.lang.String","@"
"TRANSFER_IN_9c","E44","check_date_30","java.lang.String","[$-409]d\-mmm\-yyyy;@"
"TRANSFER_IN_9c","F44","amount_30","java.lang.String","#,##0.00_);(#,##0.00)"
"TRANSFER_IN_9c","C45","outside_the_kingdom_kingdom_and_branch_or_account_10","java.lang.String","@"
"TRANSFER_IN_9c","D45","check_31","java.lang.String","@"
"TRANSFER_IN_9c","E45","check_date_31","java.lang.String","[$-409]d\-mmm\-yyyy;@"
"TRANSFER_IN_9c","F45","amount_31","java.lang.String","#,##0.00_);(#,##0.00)"
"TRANSFER_IN_9c","C46","outside_the_kingdom_kingdom_and_branch_or_account_11","java.lang.String","@"
"TRANSFER_IN_9c","D46","check_32","java.lang.String","@"
"TRANSFER_IN_9c","E46","check_date_32","java.lang.String","[$-409]d\-mmm\-yyyy;@"
"TRANSFER_IN_9c","F46","amount_32","java.lang.String","#,##0.00_);(#,##0.00)"
"TRANSFER_IN_9c","C47","outside_the_kingdom_kingdom_and_branch_or_account_12","java.lang.String","@"
"TRANSFER_IN_9c","D47","check_33","java.lang.String","@"
"TRANSFER_IN_9c","E47","check_date_33","java.lang.String","[$-409]d\-mmm\-yyyy;@"
"TRANSFER_IN_9c","F47","amount_33","java.lang.String","#,##0.00_);(#,##0.00)"
"TRANSFER_IN_9c","C48","outside_the_kingdom_kingdom_and_branch_or_account_13","java.lang.String","@"
"TRANSFER_IN_9c","D48","check_34","java.lang.String","@"
"TRANSFER_IN_9c","E48","check_date_34","java.lang.String","[$-409]d\-mmm\-yyyy;@"
"TRANSFER_IN_9c","F48","amount_34","java.lang.String","#,##0.00_);(#,##0.00)"
"TRANSFER_IN_9c","C49","outside_the_kingdom_kingdom_and_branch_or_account_14","java.lang.String","@"
"TRANSFER_IN_9c","D49","check_35","java.lang.String","@"
"TRANSFER_IN_9c","E49","check_date_35","java.lang.String","[$-409]d\-mmm\-yyyy;@"
"TRANSFER_IN_9c","F49","amount_35","java.lang.String","#,##0.00_);(#,##0.00)"
"TRANSFER_IN_9c","C50","outside_the_kingdom_kingdom_and_branch_or_account_15","java.lang.String","@"
"TRANSFER_IN_9c","D50","check_36","java.lang.String","@"
"TRANSFER_IN_9c","E50","check_date_36","java.lang.String","[$-409]d\-mmm\-yyyy;@"
"TRANSFER_IN_9c","F50","amount_36","java.lang.String","#,##0.00_);(#,##0.00)"
"TRANSFER_IN_9c","C51","outside_the_kingdom_kingdom_and_branch_or_account_16","java.lang.String","@"
"TRANSFER_IN_9c","D51","check_37","java.lang.String","@"
"TRANSFER_IN_9c","E51","check_date_37","java.lang.String","[$-409]d\-mmm\-yyyy;@"
"TRANSFER_IN_9c","F51","amount_37","java.lang.String","#,##0.00_);(#,##0.00)"
"TRANSFER_IN_9c","C52","outside_the_kingdom_kingdom_and_branch_or_account_17","java.lang.String","@"
"TRANSFER_IN_9c","D52","check_38","java.lang.String","@"
"TRANSFER_IN_9c","E52","check_date_38","java.lang.String","[$-409]d\-mmm\-yyyy;@"
"TRANSFER_IN_9c","F52","amount_38","java.lang.String","#,##0.00_);(#,##0.00)"
"TRANSFER_IN_9c","C53","outside_the_kingdom_kingdom_and_branch_or_account_18","java.lang.String","@"
"TRANSFER_IN_9c","D53","check_39","java.lang.String","@"
"TRANSFER_IN_9c","E53","check_date_39","java.lang.String","[$-409]d\-mmm\-yyyy;@"
"TRANSFER_IN_9c","F53","amount_39","java.lang.String","#,##0.00_);(#,##0.00)"
"TRANSFER_IN_9c","F54","amount_total_2","java.lang.Double","#,##0.00_);(#,##0.00)"
