sheetName,cellRef,fieldName,javaType,excelFormat
"TRANSFER_OUT_10c","C2","transfer_out_10c_r2c3","java.lang.Double","General"
"TRANSFER_OUT_10c","C3","contents_b59","java.lang.Double","General"
"TRANSFER_OUT_10c","C4","contents_e_3","java.lang.Double","General"
"TRANSFER_OUT_10c","C6","contents_e_4","java.lang.Double","General"
"TRANSFER_OUT_10c","C11","within_the_kingdom","java.lang.String","@"
"TRANSFER_OUT_10c","D11","check","java.lang.String","@"
"TRANSFER_OUT_10c","E11","check_date","java.lang.String","[$-409]d\-mmm\-yyyy;@"
"TRANSFER_OUT_10c","F11","amount","java.lang.String","#,##0.00_);(#,##0.00)"
"TRANSFER_OUT_10c","C12","within_the_kingdom_2","java.lang.String","@"
"TRANSFER_OUT_10c","D12","check_2","java.lang.String","@"
"TRANSFER_OUT_10c","E12","check_date_2","java.lang.String","[$-409]d\-mmm\-yyyy;@"
"TRANSFER_OUT_10c","F12","amount_2","java.lang.String","#,##0.00_);(#,##0.00)"
"TRANSFER_OUT_10c","C13","within_the_kingdom_3","java.lang.String","@"
"TRANSFER_OUT_10c","D13","check_3","java.lang.String","@"
"TRANSFER_OUT_10c","E13","check_date_3","java.lang.String","[$-409]d\-mmm\-yyyy;@"
"TRANSFER_OUT_10c","F13","amount_3","java.lang.String","#,##0.00_);(#,##0.00)"
"TRANSFER_OUT_10c","C14","within_the_kingdom_4","java.lang.String","@"
"TRANSFER_OUT_10c","D14","check_4","java.lang.String","@"
"TRANSFER_OUT_10c","E14","check_date_4","java.lang.String","[$-409]d\-mmm\-yyyy;@"
"TRANSFER_OUT_10c","F14","amount_4","java.lang.String","#,##0.00_);(#,##0.00)"
"TRANSFER_OUT_10c","C15","within_the_kingdom_5","java.lang.String","@"
"TRANSFER_OUT_10c","D15","check_5","java.lang.String","@"
"TRANSFER_OUT_10c","E15","check_date_5","java.lang.String","[$-409]d\-mmm\-yyyy;@"
"TRANSFER_OUT_10c","F15","amount_5","java.lang.String","#,##0.00_);(#,##0.00)"
"TRANSFER_OUT_10c","C16","within_the_kingdom_6","java.lang.String","@"
"TRANSFER_OUT_10c","D16","check_6","java.lang.String","@"
"TRANSFER_OUT_10c","E16","check_date_6","java.lang.String","[$-409]d\-mmm\-yyyy;@"
"TRANSFER_OUT_10c","F16","amount_6","java.lang.String","#,##0.00_);(#,##0.00)"
"TRANSFER_OUT_10c","C17","within_the_kingdom_7","java.lang.String","@"
"TRANSFER_OUT_10c","D17","check_7","java.lang.String","@"
"TRANSFER_OUT_10c","E17","check_date_7","java.lang.String","[$-409]d\-mmm\-yyyy;@"
"TRANSFER_OUT_10c","F17","amount_7","java.lang.String","#,##0.00_);(#,##0.00)"
"TRANSFER_OUT_10c","C18","within_the_kingdom_8","java.lang.String","@"
"TRANSFER_OUT_10c","D18","check_8","java.lang.String","@"
"TRANSFER_OUT_10c","E18","check_date_8","java.lang.String","[$-409]d\-mmm\-yyyy;@"
"TRANSFER_OUT_10c","F18","amount_8","java.lang.String","#,##0.00_);(#,##0.00)"
"TRANSFER_OUT_10c","C19","within_the_kingdom_9","java.lang.String","@"
"TRANSFER_OUT_10c","D19","check_9","java.lang.String","@"
"TRANSFER_OUT_10c","E19","check_date_9","java.lang.String","[$-409]d\-mmm\-yyyy;@"
"TRANSFER_OUT_10c","F19","amount_9","java.lang.String","#,##0.00_);(#,##0.00)"
"TRANSFER_OUT_10c","C20","within_the_kingdom_10","java.lang.String","@"
"TRANSFER_OUT_10c","D20","check_10","java.lang.String","@"
"TRANSFER_OUT_10c","E20","check_date_10","java.lang.String","[$-409]d\-mmm\-yyyy;@"
"TRANSFER_OUT_10c","F20","amount_10","java.lang.String","#,##0.00_);(#,##0.00)"
"TRANSFER_OUT_10c","C21","within_the_kingdom_11","java.lang.String","@"
"TRANSFER_OUT_10c","D21","check_11","java.lang.String","@"
"TRANSFER_OUT_10c","E21","check_date_11","java.lang.String","[$-409]d\-mmm\-yyyy;@"
"TRANSFER_OUT_10c","F21","amount_11","java.lang.String","#,##0.00_);(#,##0.00)"
"TRANSFER_OUT_10c","C22","within_the_kingdom_12","java.lang.String","@"
"TRANSFER_OUT_10c","D22","check_12","java.lang.String","@"
"TRANSFER_OUT_10c","E22","check_date_12","java.lang.String","[$-409]d\-mmm\-yyyy;@"
"TRANSFER_OUT_10c","F22","amount_12","java.lang.String","#,##0.00_);(#,##0.00)"
"TRANSFER_OUT_10c","C23","within_the_kingdom_13","java.lang.String","@"
"TRANSFER_OUT_10c","D23","check_13","java.lang.String","@"
"TRANSFER_OUT_10c","E23","check_date_13","java.lang.String","[$-409]d\-mmm\-yyyy;@"
"TRANSFER_OUT_10c","F23","amount_13","java.lang.String","#,##0.00_);(#,##0.00)"
"TRANSFER_OUT_10c","C24","within_the_kingdom_14","java.lang.String","@"
"TRANSFER_OUT_10c","D24","check_14","java.lang.String","@"
"TRANSFER_OUT_10c","E24","check_date_14","java.lang.String","[$-409]d\-mmm\-yyyy;@"
"TRANSFER_OUT_10c","F24","amount_14","java.lang.String","#,##0.00_);(#,##0.00)"
"TRANSFER_OUT_10c","C25","within_the_kingdom_15","java.lang.String","@"
"TRANSFER_OUT_10c","D25","check_15","java.lang.String","@"
"TRANSFER_OUT_10c","E25","check_date_15","java.lang.String","[$-409]d\-mmm\-yyyy;@"
"TRANSFER_OUT_10c","F25","amount_15","java.lang.String","#,##0.00_);(#,##0.00)"
"TRANSFER_OUT_10c","C26","within_the_kingdom_16","java.lang.String","@"
"TRANSFER_OUT_10c","D26","check_16","java.lang.String","@"
"TRANSFER_OUT_10c","E26","check_date_16","java.lang.String","[$-409]d\-mmm\-yyyy;@"
"TRANSFER_OUT_10c","F26","amount_16","java.lang.String","#,##0.00_);(#,##0.00)"
"TRANSFER_OUT_10c","C27","within_the_kingdom_17","java.lang.String","@"
"TRANSFER_OUT_10c","D27","check_17","java.lang.String","@"
"TRANSFER_OUT_10c","E27","check_date_17","java.lang.String","[$-409]d\-mmm\-yyyy;@"
"TRANSFER_OUT_10c","F27","amount_17","java.lang.String","#,##0.00_);(#,##0.00)"
"TRANSFER_OUT_10c","F28","amount_total","java.lang.Double","#,##0.00_);(#,##0.00)"
"TRANSFER_OUT_10c","C32","a_the_corporate_office_or_officer_office_and_reason","java.lang.String","@"
"TRANSFER_OUT_10c","D32","check_18","java.lang.String","@"
"TRANSFER_OUT_10c","E32","check_date_18","java.lang.String","[$-409]d\-mmm\-yyyy;@"
"TRANSFER_OUT_10c","F32","amount_18","java.lang.String","#,##0.00_);(#,##0.00)"
"TRANSFER_OUT_10c","C33","a_the_corporate_office_or_officer_office_and_reason_2","java.lang.String","@"
"TRANSFER_OUT_10c","D33","check_19","java.lang.String","@"
"TRANSFER_OUT_10c","E33","check_date_19","java.lang.String","[$-409]d\-mmm\-yyyy;@"
"TRANSFER_OUT_10c","F33","amount_19","java.lang.String","#,##0.00_);(#,##0.00)"
"TRANSFER_OUT_10c","C34","a_the_corporate_office_or_officer_office_and_reason_3","java.lang.String","@"
"TRANSFER_OUT_10c","D34","check_20","java.lang.String","@"
"TRANSFER_OUT_10c","E34","check_date_20","java.lang.String","[$-409]d\-mmm\-yyyy;@"
"TRANSFER_OUT_10c","F34","amount_20","java.lang.String","#,##0.00_);(#,##0.00)"
"TRANSFER_OUT_10c","C35","a_the_corporate_office_or_officer_office_and_reason_4","java.lang.String","@"
"TRANSFER_OUT_10c","D35","check_21","java.lang.String","@"
"TRANSFER_OUT_10c","E35","check_date_21","java.lang.String","[$-409]d\-mmm\-yyyy;@"
"TRANSFER_OUT_10c","F35","amount_21","java.lang.String","#,##0.00_);(#,##0.00)"
"TRANSFER_OUT_10c","C36","a_the_corporate_office_or_officer_office_and_reason_5","java.lang.String","@"
"TRANSFER_OUT_10c","D36","check_22","java.lang.String","@"
"TRANSFER_OUT_10c","E36","check_date_22","java.lang.String","[$-409]d\-mmm\-yyyy;@"
"TRANSFER_OUT_10c","F36","amount_22","java.lang.String","#,##0.00_);(#,##0.00)"
"TRANSFER_OUT_10c","C37","a_the_corporate_office_or_officer_office_and_reason_6","java.lang.String","@"
"TRANSFER_OUT_10c","D37","check_23","java.lang.String","@"
"TRANSFER_OUT_10c","E37","check_date_23","java.lang.String","[$-409]d\-mmm\-yyyy;@"
"TRANSFER_OUT_10c","F37","amount_23","java.lang.String","#,##0.00_);(#,##0.00)"
"TRANSFER_OUT_10c","C38","a_the_corporate_office_or_officer_office_and_reason_7","java.lang.String","@"
"TRANSFER_OUT_10c","D38","check_24","java.lang.String","@"
"TRANSFER_OUT_10c","E38","check_date_24","java.lang.String","[$-409]d\-mmm\-yyyy;@"
"TRANSFER_OUT_10c","F38","amount_24","java.lang.String","#,##0.00_);(#,##0.00)"
"TRANSFER_OUT_10c","C39","a_the_corporate_office_or_officer_office_and_reason_8","java.lang.String","@"
"TRANSFER_OUT_10c","D39","check_25","java.lang.String","@"
"TRANSFER_OUT_10c","E39","check_date_25","java.lang.String","[$-409]d\-mmm\-yyyy;@"
"TRANSFER_OUT_10c","F39","amount_25","java.lang.String","#,##0.00_);(#,##0.00)"
"TRANSFER_OUT_10c","C40","a_the_corporate_office_or_officer_office_and_reason_9","java.lang.String","@"
"TRANSFER_OUT_10c","D40","check_26","java.lang.String","@"
"TRANSFER_OUT_10c","E40","check_date_26","java.lang.String","[$-409]d\-mmm\-yyyy;@"
"TRANSFER_OUT_10c","F40","amount_26","java.lang.String","#,##0.00_);(#,##0.00)"
"TRANSFER_OUT_10c","C41","a_the_corporate_office_or_officer_office_and_reason_10","java.lang.String","@"
"TRANSFER_OUT_10c","D41","check_27","java.lang.String","@"
"TRANSFER_OUT_10c","E41","check_date_27","java.lang.String","[$-409]d\-mmm\-yyyy;@"
"TRANSFER_OUT_10c","F41","amount_27","java.lang.String","#,##0.00_);(#,##0.00)"
"TRANSFER_OUT_10c","F42","amount_total_a","java.lang.Double","#,##0.00_);(#,##0.00)"
"TRANSFER_OUT_10c","C44","b_outside_the_kingdom_same_country_kingdom_and_branch_or_account","java.lang.String","@"
"TRANSFER_OUT_10c","D44","check_28","java.lang.String","@"
"TRANSFER_OUT_10c","E44","check_date_28","java.lang.String","[$-409]d\-mmm\-yyyy;@"
"TRANSFER_OUT_10c","F44","amount_28","java.lang.String","#,##0.00_);(#,##0.00)"
"TRANSFER_OUT_10c","C45","b_outside_the_kingdom_same_country_kingdom_and_branch_or_account_2","java.lang.String","@"
"TRANSFER_OUT_10c","D45","check_29","java.lang.String","@"
"TRANSFER_OUT_10c","E45","check_date_29","java.lang.String","[$-409]d\-mmm\-yyyy;@"
"TRANSFER_OUT_10c","F45","amount_29","java.lang.String","#,##0.00_);(#,##0.00)"
"TRANSFER_OUT_10c","C46","b_outside_the_kingdom_same_country_kingdom_and_branch_or_account_3","java.lang.String","@"
"TRANSFER_OUT_10c","D46","check_30","java.lang.String","@"
"TRANSFER_OUT_10c","E46","check_date_30","java.lang.String","[$-409]d\-mmm\-yyyy;@"
"TRANSFER_OUT_10c","F46","amount_30","java.lang.String","#,##0.00_);(#,##0.00)"
"TRANSFER_OUT_10c","C47","b_outside_the_kingdom_same_country_kingdom_and_branch_or_account_4","java.lang.String","@"
"TRANSFER_OUT_10c","D47","check_31","java.lang.String","@"
"TRANSFER_OUT_10c","E47","check_date_31","java.lang.String","[$-409]d\-mmm\-yyyy;@"
"TRANSFER_OUT_10c","F47","amount_31","java.lang.String","#,##0.00_);(#,##0.00)"
"TRANSFER_OUT_10c","C48","b_outside_the_kingdom_same_country_kingdom_and_branch_or_account_5","java.lang.String","@"
"TRANSFER_OUT_10c","D48","check_32","java.lang.String","@"
"TRANSFER_OUT_10c","E48","check_date_32","java.lang.String","[$-409]d\-mmm\-yyyy;@"
"TRANSFER_OUT_10c","F48","amount_32","java.lang.String","#,##0.00_);(#,##0.00)"
"TRANSFER_OUT_10c","C49","b_outside_the_kingdom_same_country_kingdom_and_branch_or_account_6","java.lang.String","@"
"TRANSFER_OUT_10c","D49","check_33","java.lang.String","@"
"TRANSFER_OUT_10c","E49","check_date_33","java.lang.String","[$-409]d\-mmm\-yyyy;@"
"TRANSFER_OUT_10c","F49","amount_33","java.lang.String","#,##0.00_);(#,##0.00)"
"TRANSFER_OUT_10c","C50","b_outside_the_kingdom_same_country_kingdom_and_branch_or_account_7","java.lang.String","@"
"TRANSFER_OUT_10c","D50","check_34","java.lang.String","@"
"TRANSFER_OUT_10c","E50","check_date_34","java.lang.String","[$-409]d\-mmm\-yyyy;@"
"TRANSFER_OUT_10c","F50","amount_34","java.lang.String","#,##0.00_);(#,##0.00)"
"TRANSFER_OUT_10c","C51","b_outside_the_kingdom_same_country_kingdom_and_branch_or_account_8","java.lang.String","@"
"TRANSFER_OUT_10c","D51","check_35","java.lang.String","@"
"TRANSFER_OUT_10c","E51","check_date_35","java.lang.String","[$-409]d\-mmm\-yyyy;@"
"TRANSFER_OUT_10c","F51","amount_35","java.lang.String","#,##0.00_);(#,##0.00)"
"TRANSFER_OUT_10c","C52","b_outside_the_kingdom_same_country_kingdom_and_branch_or_account_9","java.lang.String","@"
"TRANSFER_OUT_10c","D52","check_36","java.lang.String","@"
"TRANSFER_OUT_10c","E52","check_date_36","java.lang.String","[$-409]d\-mmm\-yyyy;@"
"TRANSFER_OUT_10c","F52","amount_36","java.lang.String","#,##0.00_);(#,##0.00)"
"TRANSFER_OUT_10c","C53","b_outside_the_kingdom_same_country_kingdom_and_branch_or_account_10","java.lang.String","@"
"TRANSFER_OUT_10c","D53","check_37","java.lang.String","@"
"TRANSFER_OUT_10c","E53","check_date_37","java.lang.String","[$-409]d\-mmm\-yyyy;@"
"TRANSFER_OUT_10c","F53","amount_37","java.lang.String","#,##0.00_);(#,##0.00)"
"TRANSFER_OUT_10c","F54","amount_total_b","java.lang.Double","#,##0.00_);(#,##0.00)"
