sheetName,cellRef,fieldName,javaType,excelFormat
"TRANSFER_OUT_10d","C2","transfer_out_10d_r2c3","java.lang.Double","General"
"TRANSFER_OUT_10d","C3","contents_b59","java.lang.Double","General"
"TRANSFER_OUT_10d","C4","contents_e_3","java.lang.Double","General"
"TRANSFER_OUT_10d","C6","contents_e_4","java.lang.Double","General"
"TRANSFER_OUT_10d","C11","within_the_kingdom","java.lang.String","@"
"TRANSFER_OUT_10d","D11","check","java.lang.String","@"
"TRANSFER_OUT_10d","E11","check_date","java.lang.String","[$-409]d\-mmm\-yyyy;@"
"TRANSFER_OUT_10d","F11","amount","java.lang.String","#,##0.00_);(#,##0.00)"
"TRANSFER_OUT_10d","C12","within_the_kingdom_2","java.lang.String","@"
"TRANSFER_OUT_10d","D12","check_2","java.lang.String","@"
"TRANSFER_OUT_10d","E12","check_date_2","java.lang.String","[$-409]d\-mmm\-yyyy;@"
"TRANSFER_OUT_10d","F12","amount_2","java.lang.String","#,##0.00_);(#,##0.00)"
"TRANSFER_OUT_10d","C13","within_the_kingdom_3","java.lang.String","@"
"TRANSFER_OUT_10d","D13","check_3","java.lang.String","@"
"TRANSFER_OUT_10d","E13","check_date_3","java.lang.String","[$-409]d\-mmm\-yyyy;@"
"TRANSFER_OUT_10d","F13","amount_3","java.lang.String","#,##0.00_);(#,##0.00)"
"TRANSFER_OUT_10d","C14","within_the_kingdom_4","java.lang.String","@"
"TRANSFER_OUT_10d","D14","check_4","java.lang.String","@"
"TRANSFER_OUT_10d","E14","check_date_4","java.lang.String","[$-409]d\-mmm\-yyyy;@"
"TRANSFER_OUT_10d","F14","amount_4","java.lang.String","#,##0.00_);(#,##0.00)"
"TRANSFER_OUT_10d","C15","within_the_kingdom_5","java.lang.String","@"
"TRANSFER_OUT_10d","D15","check_5","java.lang.String","@"
"TRANSFER_OUT_10d","E15","check_date_5","java.lang.String","[$-409]d\-mmm\-yyyy;@"
"TRANSFER_OUT_10d","F15","amount_5","java.lang.String","#,##0.00_);(#,##0.00)"
"TRANSFER_OUT_10d","C16","within_the_kingdom_6","java.lang.String","@"
"TRANSFER_OUT_10d","D16","check_6","java.lang.String","@"
"TRANSFER_OUT_10d","E16","check_date_6","java.lang.String","[$-409]d\-mmm\-yyyy;@"
"TRANSFER_OUT_10d","F16","amount_6","java.lang.String","#,##0.00_);(#,##0.00)"
"TRANSFER_OUT_10d","C17","within_the_kingdom_7","java.lang.String","@"
"TRANSFER_OUT_10d","D17","check_7","java.lang.String","@"
"TRANSFER_OUT_10d","E17","check_date_7","java.lang.String","[$-409]d\-mmm\-yyyy;@"
"TRANSFER_OUT_10d","F17","amount_7","java.lang.String","#,##0.00_);(#,##0.00)"
"TRANSFER_OUT_10d","C18","within_the_kingdom_8","java.lang.String","@"
"TRANSFER_OUT_10d","D18","check_8","java.lang.String","@"
"TRANSFER_OUT_10d","E18","check_date_8","java.lang.String","[$-409]d\-mmm\-yyyy;@"
"TRANSFER_OUT_10d","F18","amount_8","java.lang.String","#,##0.00_);(#,##0.00)"
"TRANSFER_OUT_10d","C19","within_the_kingdom_9","java.lang.String","@"
"TRANSFER_OUT_10d","D19","check_9","java.lang.String","@"
"TRANSFER_OUT_10d","E19","check_date_9","java.lang.String","[$-409]d\-mmm\-yyyy;@"
"TRANSFER_OUT_10d","F19","amount_9","java.lang.String","#,##0.00_);(#,##0.00)"
"TRANSFER_OUT_10d","C20","within_the_kingdom_10","java.lang.String","@"
"TRANSFER_OUT_10d","D20","check_10","java.lang.String","@"
"TRANSFER_OUT_10d","E20","check_date_10","java.lang.String","[$-409]d\-mmm\-yyyy;@"
"TRANSFER_OUT_10d","F20","amount_10","java.lang.String","#,##0.00_);(#,##0.00)"
"TRANSFER_OUT_10d","C21","within_the_kingdom_11","java.lang.String","@"
"TRANSFER_OUT_10d","D21","check_11","java.lang.String","@"
"TRANSFER_OUT_10d","E21","check_date_11","java.lang.String","[$-409]d\-mmm\-yyyy;@"
"TRANSFER_OUT_10d","F21","amount_11","java.lang.String","#,##0.00_);(#,##0.00)"
"TRANSFER_OUT_10d","C22","within_the_kingdom_12","java.lang.String","@"
"TRANSFER_OUT_10d","D22","check_12","java.lang.String","@"
"TRANSFER_OUT_10d","E22","check_date_12","java.lang.String","[$-409]d\-mmm\-yyyy;@"
"TRANSFER_OUT_10d","F22","amount_12","java.lang.String","#,##0.00_);(#,##0.00)"
"TRANSFER_OUT_10d","C23","within_the_kingdom_13","java.lang.String","@"
"TRANSFER_OUT_10d","D23","check_13","java.lang.String","@"
"TRANSFER_OUT_10d","E23","check_date_13","java.lang.String","[$-409]d\-mmm\-yyyy;@"
"TRANSFER_OUT_10d","F23","amount_13","java.lang.String","#,##0.00_);(#,##0.00)"
"TRANSFER_OUT_10d","C24","within_the_kingdom_14","java.lang.String","@"
"TRANSFER_OUT_10d","D24","check_14","java.lang.String","@"
"TRANSFER_OUT_10d","E24","check_date_14","java.lang.String","[$-409]d\-mmm\-yyyy;@"
"TRANSFER_OUT_10d","F24","amount_14","java.lang.String","#,##0.00_);(#,##0.00)"
"TRANSFER_OUT_10d","C25","within_the_kingdom_15","java.lang.String","@"
"TRANSFER_OUT_10d","D25","check_15","java.lang.String","@"
"TRANSFER_OUT_10d","E25","check_date_15","java.lang.String","[$-409]d\-mmm\-yyyy;@"
"TRANSFER_OUT_10d","F25","amount_15","java.lang.String","#,##0.00_);(#,##0.00)"
"TRANSFER_OUT_10d","C26","within_the_kingdom_16","java.lang.String","@"
"TRANSFER_OUT_10d","D26","check_16","java.lang.String","@"
"TRANSFER_OUT_10d","E26","check_date_16","java.lang.String","[$-409]d\-mmm\-yyyy;@"
"TRANSFER_OUT_10d","F26","amount_16","java.lang.String","#,##0.00_);(#,##0.00)"
"TRANSFER_OUT_10d","C27","within_the_kingdom_17","java.lang.String","@"
"TRANSFER_OUT_10d","D27","check_17","java.lang.String","@"
"TRANSFER_OUT_10d","E27","check_date_17","java.lang.String","[$-409]d\-mmm\-yyyy;@"
"TRANSFER_OUT_10d","F27","amount_17","java.lang.String","#,##0.00_);(#,##0.00)"
"TRANSFER_OUT_10d","F28","amount_total","java.lang.Double","#,##0.00_);(#,##0.00)"
"TRANSFER_OUT_10d","C32","a_the_corporate_office_or_officer_office_and_reason","java.lang.String","@"
"TRANSFER_OUT_10d","D32","check_18","java.lang.String","@"
"TRANSFER_OUT_10d","E32","check_date_18","java.lang.String","[$-409]d\-mmm\-yyyy;@"
"TRANSFER_OUT_10d","F32","amount_18","java.lang.String","#,##0.00_);(#,##0.00)"
"TRANSFER_OUT_10d","C33","a_the_corporate_office_or_officer_office_and_reason_2","java.lang.String","@"
"TRANSFER_OUT_10d","D33","check_19","java.lang.String","@"
"TRANSFER_OUT_10d","E33","check_date_19","java.lang.String","[$-409]d\-mmm\-yyyy;@"
"TRANSFER_OUT_10d","F33","amount_19","java.lang.String","#,##0.00_);(#,##0.00)"
"TRANSFER_OUT_10d","C34","a_the_corporate_office_or_officer_office_and_reason_3","java.lang.String","@"
"TRANSFER_OUT_10d","D34","check_20","java.lang.String","@"
"TRANSFER_OUT_10d","E34","check_date_20","java.lang.String","[$-409]d\-mmm\-yyyy;@"
"TRANSFER_OUT_10d","F34","amount_20","java.lang.String","#,##0.00_);(#,##0.00)"
"TRANSFER_OUT_10d","C35","a_the_corporate_office_or_officer_office_and_reason_4","java.lang.String","@"
"TRANSFER_OUT_10d","D35","check_21","java.lang.String","@"
"TRANSFER_OUT_10d","E35","check_date_21","java.lang.String","[$-409]d\-mmm\-yyyy;@"
"TRANSFER_OUT_10d","F35","amount_21","java.lang.String","#,##0.00_);(#,##0.00)"
"TRANSFER_OUT_10d","C36","a_the_corporate_office_or_officer_office_and_reason_5","java.lang.String","@"
"TRANSFER_OUT_10d","D36","check_22","java.lang.String","@"
"TRANSFER_OUT_10d","E36","check_date_22","java.lang.String","[$-409]d\-mmm\-yyyy;@"
"TRANSFER_OUT_10d","F36","amount_22","java.lang.String","#,##0.00_);(#,##0.00)"
"TRANSFER_OUT_10d","C37","a_the_corporate_office_or_officer_office_and_reason_6","java.lang.String","@"
"TRANSFER_OUT_10d","D37","check_23","java.lang.String","@"
"TRANSFER_OUT_10d","E37","check_date_23","java.lang.String","[$-409]d\-mmm\-yyyy;@"
"TRANSFER_OUT_10d","F37","amount_23","java.lang.String","#,##0.00_);(#,##0.00)"
"TRANSFER_OUT_10d","C38","a_the_corporate_office_or_officer_office_and_reason_7","java.lang.String","@"
"TRANSFER_OUT_10d","D38","check_24","java.lang.String","@"
"TRANSFER_OUT_10d","E38","check_date_24","java.lang.String","[$-409]d\-mmm\-yyyy;@"
"TRANSFER_OUT_10d","F38","amount_24","java.lang.String","#,##0.00_);(#,##0.00)"
"TRANSFER_OUT_10d","C39","a_the_corporate_office_or_officer_office_and_reason_8","java.lang.String","@"
"TRANSFER_OUT_10d","D39","check_25","java.lang.String","@"
"TRANSFER_OUT_10d","E39","check_date_25","java.lang.String","[$-409]d\-mmm\-yyyy;@"
"TRANSFER_OUT_10d","F39","amount_25","java.lang.String","#,##0.00_);(#,##0.00)"
"TRANSFER_OUT_10d","C40","a_the_corporate_office_or_officer_office_and_reason_9","java.lang.String","@"
"TRANSFER_OUT_10d","D40","check_26","java.lang.String","@"
"TRANSFER_OUT_10d","E40","check_date_26","java.lang.String","[$-409]d\-mmm\-yyyy;@"
"TRANSFER_OUT_10d","F40","amount_26","java.lang.String","#,##0.00_);(#,##0.00)"
"TRANSFER_OUT_10d","C41","a_the_corporate_office_or_officer_office_and_reason_10","java.lang.String","@"
"TRANSFER_OUT_10d","D41","check_27","java.lang.String","@"
"TRANSFER_OUT_10d","E41","check_date_27","java.lang.String","[$-409]d\-mmm\-yyyy;@"
"TRANSFER_OUT_10d","F41","amount_27","java.lang.String","#,##0.00_);(#,##0.00)"
"TRANSFER_OUT_10d","F42","amount_total_a","java.lang.Double","#,##0.00_);(#,##0.00)"
"TRANSFER_OUT_10d","C44","b_outside_the_kingdom_same_country_kingdom_and_branch_or_account","java.lang.String","@"
"TRANSFER_OUT_10d","D44","check_28","java.lang.String","@"
"TRANSFER_OUT_10d","E44","check_date_28","java.lang.String","[$-409]d\-mmm\-yyyy;@"
"TRANSFER_OUT_10d","F44","amount_28","java.lang.String","#,##0.00_);(#,##0.00)"
"TRANSFER_OUT_10d","C45","b_outside_the_kingdom_same_country_kingdom_and_branch_or_account_2","java.lang.String","@"
"TRANSFER_OUT_10d","D45","check_29","java.lang.String","@"
"TRANSFER_OUT_10d","E45","check_date_29","java.lang.String","[$-409]d\-mmm\-yyyy;@"
"TRANSFER_OUT_10d","F45","amount_29","java.lang.String","#,##0.00_);(#,##0.00)"
"TRANSFER_OUT_10d","C46","b_outside_the_kingdom_same_country_kingdom_and_branch_or_account_3","java.lang.String","@"
"TRANSFER_OUT_10d","D46","check_30","java.lang.String","@"
"TRANSFER_OUT_10d","E46","check_date_30","java.lang.String","[$-409]d\-mmm\-yyyy;@"
"TRANSFER_OUT_10d","F46","amount_30","java.lang.String","#,##0.00_);(#,##0.00)"
"TRANSFER_OUT_10d","C47","b_outside_the_kingdom_same_country_kingdom_and_branch_or_account_4","java.lang.String","@"
"TRANSFER_OUT_10d","D47","check_31","java.lang.String","@"
"TRANSFER_OUT_10d","E47","check_date_31","java.lang.String","[$-409]d\-mmm\-yyyy;@"
"TRANSFER_OUT_10d","F47","amount_31","java.lang.String","#,##0.00_);(#,##0.00)"
"TRANSFER_OUT_10d","C48","b_outside_the_kingdom_same_country_kingdom_and_branch_or_account_5","java.lang.String","@"
"TRANSFER_OUT_10d","D48","check_32","java.lang.String","@"
"TRANSFER_OUT_10d","E48","check_date_32","java.lang.String","[$-409]d\-mmm\-yyyy;@"
"TRANSFER_OUT_10d","F48","amount_32","java.lang.String","#,##0.00_);(#,##0.00)"
"TRANSFER_OUT_10d","C49","b_outside_the_kingdom_same_country_kingdom_and_branch_or_account_6","java.lang.String","@"
"TRANSFER_OUT_10d","D49","check_33","java.lang.String","@"
"TRANSFER_OUT_10d","E49","check_date_33","java.lang.String","[$-409]d\-mmm\-yyyy;@"
"TRANSFER_OUT_10d","F49","amount_33","java.lang.String","#,##0.00_);(#,##0.00)"
"TRANSFER_OUT_10d","C50","b_outside_the_kingdom_same_country_kingdom_and_branch_or_account_7","java.lang.String","@"
"TRANSFER_OUT_10d","D50","check_34","java.lang.String","@"
"TRANSFER_OUT_10d","E50","check_date_34","java.lang.String","[$-409]d\-mmm\-yyyy;@"
"TRANSFER_OUT_10d","F50","amount_34","java.lang.String","#,##0.00_);(#,##0.00)"
"TRANSFER_OUT_10d","C51","b_outside_the_kingdom_same_country_kingdom_and_branch_or_account_8","java.lang.String","@"
"TRANSFER_OUT_10d","D51","check_35","java.lang.String","@"
"TRANSFER_OUT_10d","E51","check_date_35","java.lang.String","[$-409]d\-mmm\-yyyy;@"
"TRANSFER_OUT_10d","F51","amount_35","java.lang.String","#,##0.00_);(#,##0.00)"
"TRANSFER_OUT_10d","C52","b_outside_the_kingdom_same_country_kingdom_and_branch_or_account_9","java.lang.String","@"
"TRANSFER_OUT_10d","D52","check_36","java.lang.String","@"
"TRANSFER_OUT_10d","E52","check_date_36","java.lang.String","[$-409]d\-mmm\-yyyy;@"
"TRANSFER_OUT_10d","F52","amount_36","java.lang.String","#,##0.00_);(#,##0.00)"
"TRANSFER_OUT_10d","C53","b_outside_the_kingdom_same_country_kingdom_and_branch_or_account_10","java.lang.String","@"
"TRANSFER_OUT_10d","D53","check_37","java.lang.String","@"
"TRANSFER_OUT_10d","E53","check_date_37","java.lang.String","[$-409]d\-mmm\-yyyy;@"
"TRANSFER_OUT_10d","F53","amount_37","java.lang.String","#,##0.00_);(#,##0.00)"
"TRANSFER_OUT_10d","F54","amount_total_b","java.lang.Double","#,##0.00_);(#,##0.00)"
