sheetName,cellRef,fieldName,javaType,excelFormat
"TRANSFER_OUT_10","C2","transfer_out_10_r2c3","java.lang.Double","General"
"TRANSFER_OUT_10","C3","contents_b59","java.lang.Double","General"
"TRANSFER_OUT_10","C4","contents_e_3","java.lang.Double","General"
"TRANSFER_OUT_10","C6","contents_e_4","java.lang.Double","General"
"TRANSFER_OUT_10","C11","within_the_kingdom","java.lang.String","@"
"TRANSFER_OUT_10","D11","check","java.lang.String","@"
"TRANSFER_OUT_10","E11","check_date","java.lang.String","[$-409]d\-mmm\-yyyy;@"
"TRANSFER_OUT_10","F11","amount","java.lang.String","#,##0.00_);(#,##0.00)"
"TRANSFER_OUT_10","C12","within_the_kingdom_2","java.lang.String","@"
"TRANSFER_OUT_10","D12","check_2","java.lang.String","@"
"TRANSFER_OUT_10","E12","check_date_2","java.lang.String","[$-409]d\-mmm\-yyyy;@"
"TRANSFER_OUT_10","F12","amount_2","java.lang.String","#,##0.00_);(#,##0.00)"
"TRANSFER_OUT_10","C13","within_the_kingdom_3","java.lang.String","@"
"TRANSFER_OUT_10","D13","check_3","java.lang.String","@"
"TRANSFER_OUT_10","E13","check_date_3","java.lang.String","[$-409]d\-mmm\-yyyy;@"
"TRANSFER_OUT_10","F13","amount_3","java.lang.String","#,##0.00_);(#,##0.00)"
"TRANSFER_OUT_10","C14","within_the_kingdom_4","java.lang.String","@"
"TRANSFER_OUT_10","D14","check_4","java.lang.String","@"
"TRANSFER_OUT_10","E14","check_date_4","java.lang.String","[$-409]d\-mmm\-yyyy;@"
"TRANSFER_OUT_10","F14","amount_4","java.lang.String","#,##0.00_);(#,##0.00)"
"TRANSFER_OUT_10","C15","within_the_kingdom_5","java.lang.String","@"
"TRANSFER_OUT_10","D15","check_5","java.lang.String","@"
"TRANSFER_OUT_10","E15","check_date_5","java.lang.String","[$-409]d\-mmm\-yyyy;@"
"TRANSFER_OUT_10","F15","amount_5","java.lang.String","#,##0.00_);(#,##0.00)"
"TRANSFER_OUT_10","C16","within_the_kingdom_6","java.lang.String","@"
"TRANSFER_OUT_10","D16","check_6","java.lang.String","@"
"TRANSFER_OUT_10","E16","check_date_6","java.lang.String","[$-409]d\-mmm\-yyyy;@"
"TRANSFER_OUT_10","F16","amount_6","java.lang.String","#,##0.00_);(#,##0.00)"
"TRANSFER_OUT_10","C17","within_the_kingdom_7","java.lang.String","@"
"TRANSFER_OUT_10","D17","check_7","java.lang.String","@"
"TRANSFER_OUT_10","E17","check_date_7","java.lang.String","[$-409]d\-mmm\-yyyy;@"
"TRANSFER_OUT_10","F17","amount_7","java.lang.String","#,##0.00_);(#,##0.00)"
"TRANSFER_OUT_10","C18","within_the_kingdom_8","java.lang.String","@"
"TRANSFER_OUT_10","D18","check_8","java.lang.String","@"
"TRANSFER_OUT_10","E18","check_date_8","java.lang.String","[$-409]d\-mmm\-yyyy;@"
"TRANSFER_OUT_10","F18","amount_8","java.lang.String","#,##0.00_);(#,##0.00)"
"TRANSFER_OUT_10","C19","within_the_kingdom_9","java.lang.String","@"
"TRANSFER_OUT_10","D19","check_9","java.lang.String","@"
"TRANSFER_OUT_10","E19","check_date_9","java.lang.String","[$-409]d\-mmm\-yyyy;@"
"TRANSFER_OUT_10","F19","amount_9","java.lang.String","#,##0.00_);(#,##0.00)"
"TRANSFER_OUT_10","C20","within_the_kingdom_10","java.lang.String","@"
"TRANSFER_OUT_10","D20","check_10","java.lang.String","@"
"TRANSFER_OUT_10","E20","check_date_10","java.lang.String","[$-409]d\-mmm\-yyyy;@"
"TRANSFER_OUT_10","F20","amount_10","java.lang.String","#,##0.00_);(#,##0.00)"
"TRANSFER_OUT_10","C21","within_the_kingdom_11","java.lang.String","@"
"TRANSFER_OUT_10","D21","check_11","java.lang.String","@"
"TRANSFER_OUT_10","E21","check_date_11","java.lang.String","[$-409]d\-mmm\-yyyy;@"
"TRANSFER_OUT_10","F21","amount_11","java.lang.String","#,##0.00_);(#,##0.00)"
"TRANSFER_OUT_10","C22","within_the_kingdom_12","java.lang.String","@"
"TRANSFER_OUT_10","D22","check_12","java.lang.String","@"
"TRANSFER_OUT_10","E22","check_date_12","java.lang.String","[$-409]d\-mmm\-yyyy;@"
"TRANSFER_OUT_10","F22","amount_12","java.lang.String","#,##0.00_);(#,##0.00)"
"TRANSFER_OUT_10","C23","within_the_kingdom_13","java.lang.String","@"
"TRANSFER_OUT_10","D23","check_13","java.lang.String","@"
"TRANSFER_OUT_10","E23","check_date_13","java.lang.String","[$-409]d\-mmm\-yyyy;@"
"TRANSFER_OUT_10","F23","amount_13","java.lang.String","#,##0.00_);(#,##0.00)"
"TRANSFER_OUT_10","C24","within_the_kingdom_14","java.lang.String","@"
"TRANSFER_OUT_10","D24","check_14","java.lang.String","@"
"TRANSFER_OUT_10","E24","check_date_14","java.lang.String","[$-409]d\-mmm\-yyyy;@"
"TRANSFER_OUT_10","F24","amount_14","java.lang.String","#,##0.00_);(#,##0.00)"
"TRANSFER_OUT_10","F25","amount_show_total_on_pg_4_line_30a","java.lang.Double","#,##0.00_);(#,##0.00)"
"TRANSFER_OUT_10","C29","a_the_corporate_office_or_officer_office_and_reason","java.lang.String","@"
"TRANSFER_OUT_10","D29","check_15","java.lang.String","@"
"TRANSFER_OUT_10","E29","check_date_15","java.lang.String","[$-409]d\-mmm\-yyyy;@"
"TRANSFER_OUT_10","F29","amount_15","java.lang.String","#,##0.00_);(#,##0.00)"
"TRANSFER_OUT_10","C30","a_the_corporate_office_or_officer_office_and_reason_2","java.lang.String","@"
"TRANSFER_OUT_10","D30","check_16","java.lang.String","@"
"TRANSFER_OUT_10","E30","check_date_16","java.lang.String","[$-409]d\-mmm\-yyyy;@"
"TRANSFER_OUT_10","F30","amount_16","java.lang.String","#,##0.00_);(#,##0.00)"
"TRANSFER_OUT_10","C31","a_the_corporate_office_or_officer_office_and_reason_3","java.lang.String","@"
"TRANSFER_OUT_10","D31","check_17","java.lang.String","@"
"TRANSFER_OUT_10","E31","check_date_17","java.lang.String","[$-409]d\-mmm\-yyyy;@"
"TRANSFER_OUT_10","F31","amount_17","java.lang.String","#,##0.00_);(#,##0.00)"
"TRANSFER_OUT_10","C32","a_the_corporate_office_or_officer_office_and_reason_4","java.lang.String","@"
"TRANSFER_OUT_10","D32","check_18","java.lang.String","@"
"TRANSFER_OUT_10","E32","check_date_18","java.lang.String","[$-409]d\-mmm\-yyyy;@"
"TRANSFER_OUT_10","F32","amount_18","java.lang.String","#,##0.00_);(#,##0.00)"
"TRANSFER_OUT_10","C33","a_the_corporate_office_or_officer_office_and_reason_5","java.lang.String","@"
"TRANSFER_OUT_10","D33","check_19","java.lang.String","@"
"TRANSFER_OUT_10","E33","check_date_19","java.lang.String","[$-409]d\-mmm\-yyyy;@"
"TRANSFER_OUT_10","F33","amount_19","java.lang.String","#,##0.00_);(#,##0.00)"
"TRANSFER_OUT_10","C34","a_the_corporate_office_or_officer_office_and_reason_6","java.lang.String","@"
"TRANSFER_OUT_10","D34","check_20","java.lang.String","@"
"TRANSFER_OUT_10","E34","check_date_20","java.lang.String","[$-409]d\-mmm\-yyyy;@"
"TRANSFER_OUT_10","F34","amount_20","java.lang.String","#,##0.00_);(#,##0.00)"
"TRANSFER_OUT_10","C35","a_the_corporate_office_or_officer_office_and_reason_7","java.lang.String","@"
"TRANSFER_OUT_10","D35","check_21","java.lang.String","@"
"TRANSFER_OUT_10","E35","check_date_21","java.lang.String","[$-409]d\-mmm\-yyyy;@"
"TRANSFER_OUT_10","F35","amount_21","java.lang.String","#,##0.00_);(#,##0.00)"
"TRANSFER_OUT_10","C36","a_the_corporate_office_or_officer_office_and_reason_8","java.lang.String","@"
"TRANSFER_OUT_10","D36","check_22","java.lang.String","@"
"TRANSFER_OUT_10","E36","check_date_22","java.lang.String","[$-409]d\-mmm\-yyyy;@"
"TRANSFER_OUT_10","F36","amount_22","java.lang.String","#,##0.00_);(#,##0.00)"
"TRANSFER_OUT_10","C37","a_the_corporate_office_or_officer_office_and_reason_9","java.lang.String","@"
"TRANSFER_OUT_10","D37","check_23","java.lang.String","@"
"TRANSFER_OUT_10","E37","check_date_23","java.lang.String","[$-409]d\-mmm\-yyyy;@"
"TRANSFER_OUT_10","F37","amount_23","java.lang.String","#,##0.00_);(#,##0.00)"
"TRANSFER_OUT_10","C38","a_the_corporate_office_or_officer_office_and_reason_10","java.lang.String","@"
"TRANSFER_OUT_10","D38","check_24","java.lang.String","@"
"TRANSFER_OUT_10","E38","check_date_24","java.lang.String","[$-409]d\-mmm\-yyyy;@"
"TRANSFER_OUT_10","F38","amount_24","java.lang.String","#,##0.00_);(#,##0.00)"
"TRANSFER_OUT_10","F39","amount_total_a","java.lang.Double","#,##0.00_);(#,##0.00)"
"TRANSFER_OUT_10","C41","b_outside_the_kingdom_same_country_kingdom_and_branch_or_account","java.lang.String","@"
"TRANSFER_OUT_10","D41","check_25","java.lang.String","@"
"TRANSFER_OUT_10","E41","check_date_25","java.lang.String","[$-409]d\-mmm\-yyyy;@"
"TRANSFER_OUT_10","F41","amount_25","java.lang.String","#,##0.00_);(#,##0.00)"
"TRANSFER_OUT_10","C42","b_outside_the_kingdom_same_country_kingdom_and_branch_or_account_2","java.lang.String","@"
"TRANSFER_OUT_10","D42","check_26","java.lang.String","@"
"TRANSFER_OUT_10","E42","check_date_26","java.lang.String","[$-409]d\-mmm\-yyyy;@"
"TRANSFER_OUT_10","F42","amount_26","java.lang.String","#,##0.00_);(#,##0.00)"
"TRANSFER_OUT_10","C43","b_outside_the_kingdom_same_country_kingdom_and_branch_or_account_3","java.lang.String","@"
"TRANSFER_OUT_10","D43","check_27","java.lang.String","@"
"TRANSFER_OUT_10","E43","check_date_27","java.lang.String","[$-409]d\-mmm\-yyyy;@"
"TRANSFER_OUT_10","F43","amount_27","java.lang.String","#,##0.00_);(#,##0.00)"
"TRANSFER_OUT_10","C44","b_outside_the_kingdom_same_country_kingdom_and_branch_or_account_4","java.lang.String","@"
"TRANSFER_OUT_10","D44","check_28","java.lang.String","@"
"TRANSFER_OUT_10","E44","check_date_28","java.lang.String","[$-409]d\-mmm\-yyyy;@"
"TRANSFER_OUT_10","F44","amount_28","java.lang.String","#,##0.00_);(#,##0.00)"
"TRANSFER_OUT_10","C45","b_outside_the_kingdom_same_country_kingdom_and_branch_or_account_5","java.lang.String","@"
"TRANSFER_OUT_10","D45","check_29","java.lang.String","@"
"TRANSFER_OUT_10","E45","check_date_29","java.lang.String","[$-409]d\-mmm\-yyyy;@"
"TRANSFER_OUT_10","F45","amount_29","java.lang.String","#,##0.00_);(#,##0.00)"
"TRANSFER_OUT_10","C46","b_outside_the_kingdom_same_country_kingdom_and_branch_or_account_6","java.lang.String","@"
"TRANSFER_OUT_10","D46","check_30","java.lang.String","@"
"TRANSFER_OUT_10","E46","check_date_30","java.lang.String","[$-409]d\-mmm\-yyyy;@"
"TRANSFER_OUT_10","F46","amount_30","java.lang.String","#,##0.00_);(#,##0.00)"
"TRANSFER_OUT_10","C47","b_outside_the_kingdom_same_country_kingdom_and_branch_or_account_7","java.lang.String","@"
"TRANSFER_OUT_10","D47","check_31","java.lang.String","@"
"TRANSFER_OUT_10","E47","check_date_31","java.lang.String","[$-409]d\-mmm\-yyyy;@"
"TRANSFER_OUT_10","F47","amount_31","java.lang.String","#,##0.00_);(#,##0.00)"
"TRANSFER_OUT_10","C48","b_outside_the_kingdom_same_country_kingdom_and_branch_or_account_8","java.lang.String","@"
"TRANSFER_OUT_10","D48","check_32","java.lang.String","@"
"TRANSFER_OUT_10","E48","check_date_32","java.lang.String","[$-409]d\-mmm\-yyyy;@"
"TRANSFER_OUT_10","F48","amount_32","java.lang.String","#,##0.00_);(#,##0.00)"
"TRANSFER_OUT_10","C49","b_outside_the_kingdom_same_country_kingdom_and_branch_or_account_9","java.lang.String","@"
"TRANSFER_OUT_10","D49","check_33","java.lang.String","@"
"TRANSFER_OUT_10","E49","check_date_33","java.lang.String","[$-409]d\-mmm\-yyyy;@"
"TRANSFER_OUT_10","F49","amount_33","java.lang.String","#,##0.00_);(#,##0.00)"
"TRANSFER_OUT_10","C50","b_outside_the_kingdom_same_country_kingdom_and_branch_or_account_10","java.lang.String","@"
"TRANSFER_OUT_10","D50","check_34","java.lang.String","@"
"TRANSFER_OUT_10","E50","check_date_34","java.lang.String","[$-409]d\-mmm\-yyyy;@"
"TRANSFER_OUT_10","F50","amount_34","java.lang.String","#,##0.00_);(#,##0.00)"
"TRANSFER_OUT_10","F51","amount_total_b","java.lang.Double","#,##0.00_);(#,##0.00)"
"TRANSFER_OUT_10","F52","sum_f41_f50_total_transfers_to_outside_the_kingdom_a_b","java.lang.Double","#,##0.00_);(#,##0.00)"
