sheetName,cellRef,fieldName,javaType,excelFormat
"TRANSFER_IN_9d","C2","transfer_in_9d_r2c3","java.lang.Double","General"
"TRANSFER_IN_9d","C3","contents_b59","java.lang.Double","General"
"TRANSFER_IN_9d","C4","contents_e_3","java.lang.Double","General"
"TRANSFER_IN_9d","C6","contents_e_4","java.lang.Double","General"
"TRANSFER_IN_9d","C11","within_the_kingdom","java.lang.String","@"
"TRANSFER_IN_9d","D11","check","java.lang.String","@"
"TRANSFER_IN_9d","E11","check_date","java.lang.String","[$-409]d\-mmm\-yyyy;@"
"TRANSFER_IN_9d","F11","amount","java.lang.String","#,##0.00_);(#,##0.00)"
"TRANSFER_IN_9d","C12","within_the_kingdom_2","java.lang.String","@"
"TRANSFER_IN_9d","D12","check_2","java.lang.String","@"
"TRANSFER_IN_9d","E12","check_date_2","java.lang.String","[$-409]d\-mmm\-yyyy;@"
"TRANSFER_IN_9d","F12","amount_2","java.lang.String","#,##0.00_);(#,##0.00)"
"TRANSFER_IN_9d","C13","within_the_kingdom_3","java.lang.String","@"
"TRANSFER_IN_9d","D13","check_3","java.lang.String","@"
"TRANSFER_IN_9d","E13","check_date_3","java.lang.String","[$-409]d\-mmm\-yyyy;@"
"TRANSFER_IN_9d","F13","amount_3","java.lang.String","#,##0.00_);(#,##0.00)"
"TRANSFER_IN_9d","C14","within_the_kingdom_4","java.lang.String","@"
"TRANSFER_IN_9d","D14","check_4","java.lang.String","@"
"TRANSFER_IN_9d","E14","check_date_4","java.lang.String","[$-409]d\-mmm\-yyyy;@"
"TRANSFER_IN_9d","F14","amount_4","java.lang.String","#,##0.00_);(#,##0.00)"
"TRANSFER_IN_9d","C15","within_the_kingdom_5","java.lang.String","@"
"TRANSFER_IN_9d","D15","check_5","java.lang.String","@"
"TRANSFER_IN_9d","E15","check_date_5","java.lang.String","[$-409]d\-mmm\-yyyy;@"
"TRANSFER_IN_9d","F15","amount_5","java.lang.String","#,##0.00_);(#,##0.00)"
"TRANSFER_IN_9d","C16","within_the_kingdom_6","java.lang.String","@"
"TRANSFER_IN_9d","D16","check_6","java.lang.String","@"
"TRANSFER_IN_9d","E16","check_date_6","java.lang.String","[$-409]d\-mmm\-yyyy;@"
"TRANSFER_IN_9d","F16","amount_6","java.lang.String","#,##0.00_);(#,##0.00)"
"TRANSFER_IN_9d","C17","within_the_kingdom_7","java.lang.String","@"
"TRANSFER_IN_9d","D17","check_7","java.lang.String","@"
"TRANSFER_IN_9d","E17","check_date_7","java.lang.String","[$-409]d\-mmm\-yyyy;@"
"TRANSFER_IN_9d","F17","amount_7","java.lang.String","#,##0.00_);(#,##0.00)"
"TRANSFER_IN_9d","C18","within_the_kingdom_8","java.lang.String","@"
"TRANSFER_IN_9d","D18","check_8","java.lang.String","@"
"TRANSFER_IN_9d","E18","check_date_8","java.lang.String","[$-409]d\-mmm\-yyyy;@"
"TRANSFER_IN_9d","F18","amount_8","java.lang.String","#,##0.00_);(#,##0.00)"
"TRANSFER_IN_9d","C19","within_the_kingdom_9","java.lang.String","@"
"TRANSFER_IN_9d","D19","check_9","java.lang.String","@"
"TRANSFER_IN_9d","E19","check_date_9","java.lang.String","[$-409]d\-mmm\-yyyy;@"
"TRANSFER_IN_9d","F19","amount_9","java.lang.String","#,##0.00_);(#,##0.00)"
"TRANSFER_IN_9d","C20","within_the_kingdom_10","java.lang.String","@"
"TRANSFER_IN_9d","D20","check_10","java.lang.String","@"
"TRANSFER_IN_9d","E20","check_date_10","java.lang.String","[$-409]d\-mmm\-yyyy;@"
"TRANSFER_IN_9d","F20","amount_10","java.lang.String","#,##0.00_);(#,##0.00)"
"TRANSFER_IN_9d","C21","within_the_kingdom_11","java.lang.String","@"
"TRANSFER_IN_9d","D21","check_11","java.lang.String","@"
"TRANSFER_IN_9d","E21","check_date_11","java.lang.String","[$-409]d\-mmm\-yyyy;@"
"TRANSFER_IN_9d","F21","amount_11","java.lang.String","#,##0.00_);(#,##0.00)"
"TRANSFER_IN_9d","C22","within_the_kingdom_12","java.lang.String","@"
"TRANSFER_IN_9d","D22","check_12","java.lang.String","@"
"TRANSFER_IN_9d","E22","check_date_12","java.lang.String","[$-409]d\-mmm\-yyyy;@"
"TRANSFER_IN_9d","F22","amount_12","java.lang.String","#,##0.00_);(#,##0.00)"
"TRANSFER_IN_9d","C23","within_the_kingdom_13","java.lang.String","@"
"TRANSFER_IN_9d","D23","check_13","java.lang.String","@"
"TRANSFER_IN_9d","E23","check_date_13","java.lang.String","[$-409]d\-mmm\-yyyy;@"
"TRANSFER_IN_9d","F23","amount_13","java.lang.String","#,##0.00_);(#,##0.00)"
"TRANSFER_IN_9d","C24","within_the_kingdom_14","java.lang.String","@"
"TRANSFER_IN_9d","D24","check_14","java.lang.String","@"
"TRANSFER_IN_9d","E24","check_date_14","java.lang.String","[$-409]d\-mmm\-yyyy;@"
"TRANSFER_IN_9d","F24","amount_14","java.lang.String","#,##0.00_);(#,##0.00)"
"TRANSFER_IN_9d","C25","within_the_kingdom_15","java.lang.String","@"
"TRANSFER_IN_9d","D25","check_15","java.lang.String","@"
"TRANSFER_IN_9d","E25","check_date_15","java.lang.String","[$-409]d\-mmm\-yyyy;@"
"TRANSFER_IN_9d","F25","amount_15","java.lang.String","#,##0.00_);(#,##0.00)"
"TRANSFER_IN_9d","C26","within_the_kingdom_16","java.lang.String","@"
"TRANSFER_IN_9d","D26","check_16","java.lang.String","@"
"TRANSFER_IN_9d","E26","check_date_16","java.lang.String","[$-409]d\-mmm\-yyyy;@"
"TRANSFER_IN_9d","F26","amount_16","java.lang.String","#,##0.00_);(#,##0.00)"
"TRANSFER_IN_9d","C27","within_the_kingdom_17","java.lang.String","@"
"TRANSFER_IN_9d","D27","check_17","java.lang.String","@"
"TRANSFER_IN_9d","E27","check_date_17","java.lang.String","[$-409]d\-mmm\-yyyy;@"
"TRANSFER_IN_9d","F27","amount_17","java.lang.String","#,##0.00_);(#,##0.00)"
"TRANSFER_IN_9d","C28","within_the_kingdom_18","java.lang.String","@"
"TRANSFER_IN_9d","D28","check_18","java.lang.String","@"
"TRANSFER_IN_9d","E28","check_date_18","java.lang.String","[$-409]d\-mmm\-yyyy;@"
"TRANSFER_IN_9d","F28","amount_18","java.lang.String","#,##0.00_);(#,##0.00)"
"TRANSFER_IN_9d","C29","within_the_kingdom_19","java.lang.String","@"
"TRANSFER_IN_9d","D29","check_19","java.lang.String","@"
"TRANSFER_IN_9d","E29","check_date_19","java.lang.String","[$-409]d\-mmm\-yyyy;@"
"TRANSFER_IN_9d","F29","amount_19","java.lang.String","#,##0.00_);(#,##0.00)"
"TRANSFER_IN_9d","C30","within_the_kingdom_20","java.lang.String","@"
"TRANSFER_IN_9d","D30","check_20","java.lang.String","@"
"TRANSFER_IN_9d","E30","check_date_20","java.lang.String","[$-409]d\-mmm\-yyyy;@"
"TRANSFER_IN_9d","F30","amount_20","java.lang.String","#,##0.00_);(#,##0.00)"
"TRANSFER_IN_9d","C31","within_the_kingdom_21","java.lang.String","@"
"TRANSFER_IN_9d","D31","check_21","java.lang.String","@"
"TRANSFER_IN_9d","E31","check_date_21","java.lang.String","[$-409]d\-mmm\-yyyy;@"
"TRANSFER_IN_9d","F31","amount_21","java.lang.String","#,##0.00_);(#,##0.00)"
"TRANSFER_IN_9d","C32","within_the_kingdom_22","java.lang.String","@"
"TRANSFER_IN_9d","D32","check_22","java.lang.String","@"
"TRANSFER_IN_9d","E32","check_date_22","java.lang.String","[$-409]d\-mmm\-yyyy;@"
"TRANSFER_IN_9d","F32","amount_22","java.lang.String","#,##0.00_);(#,##0.00)"
"TRANSFER_IN_9d","C33","within_the_kingdom_23","java.lang.String","@"
"TRANSFER_IN_9d","D33","check_23","java.lang.String","@"
"TRANSFER_IN_9d","E33","check_date_23","java.lang.String","[$-409]d\-mmm\-yyyy;@"
"TRANSFER_IN_9d","F33","amount_23","java.lang.String","#,##0.00_);(#,##0.00)"
"TRANSFER_IN_9d","C34","within_the_kingdom_24","java.lang.String","@"
"TRANSFER_IN_9d","D34","check_24","java.lang.String","@"
"TRANSFER_IN_9d","E34","check_date_24","java.lang.String","[$-409]d\-mmm\-yyyy;@"
"TRANSFER_IN_9d","F34","amount_24","java.lang.String","#,##0.00_);(#,##0.00)"
"TRANSFER_IN_9d","C35","within_the_kingdom_25","java.lang.String","@"
"TRANSFER_IN_9d","D35","check_25","java.lang.String","@"
"TRANSFER_IN_9d","E35","check_date_25","java.lang.String","[$-409]d\-mmm\-yyyy;@"
"TRANSFER_IN_9d","F35","amount_25","java.lang.String","#,##0.00_);(#,##0.00)"
"TRANSFER_IN_9d","C36","within_the_kingdom_26","java.lang.String","@"
"TRANSFER_IN_9d","D36","check_26","java.lang.String","@"
"TRANSFER_IN_9d","E36","check_date_26","java.lang.String","[$-409]d\-mmm\-yyyy;@"
"TRANSFER_IN_9d","F36","amount_26","java.lang.String","#,##0.00_);(#,##0.00)"
"TRANSFER_IN_9d","C37","within_the_kingdom_27","java.lang.String","@"
"TRANSFER_IN_9d","D37","check_27","java.lang.String","@"
"TRANSFER_IN_9d","E37","check_date_27","java.lang.String","[$-409]d\-mmm\-yyyy;@"
"TRANSFER_IN_9d","F37","amount_27","java.lang.String","#,##0.00_);(#,##0.00)"
"TRANSFER_IN_9d","C38","within_the_kingdom_28","java.lang.String","@"
"TRANSFER_IN_9d","D38","check_28","java.lang.String","@"
"TRANSFER_IN_9d","E38","check_date_28","java.lang.String","[$-409]d\-mmm\-yyyy;@"
"TRANSFER_IN_9d","F38","amount_28","java.lang.String","#,##0.00_);(#,##0.00)"
"TRANSFER_IN_9d","C39","within_the_kingdom_29","java.lang.String","@"
"TRANSFER_IN_9d","D39","check_29","java.lang.String","@"
"TRANSFER_IN_9d","E39","check_date_29","java.lang.String","[$-409]d\-mmm\-yyyy;@"
"TRANSFER_IN_9d","F39","amount_29","java.lang.String","#,##0.00_);(#,##0.00)"
"TRANSFER_IN_9d","C40","within_the_kingdom_30","java.lang.String","@"
"TRANSFER_IN_9d","D40","check_30","java.lang.String","@"
"TRANSFER_IN_9d","E40","check_date_30","java.lang.String","[$-409]d\-mmm\-yyyy;@"
"TRANSFER_IN_9d","F40","amount_30","java.lang.String","#,##0.00_);(#,##0.00)"
"TRANSFER_IN_9d","C41","within_the_kingdom_31","java.lang.String","@"
"TRANSFER_IN_9d","D41","check_31","java.lang.String","@"
"TRANSFER_IN_9d","E41","check_date_31","java.lang.String","[$-409]d\-mmm\-yyyy;@"
"TRANSFER_IN_9d","F41","amount_31","java.lang.String","#,##0.00_);(#,##0.00)"
"TRANSFER_IN_9d","C42","within_the_kingdom_32","java.lang.String","@"
"TRANSFER_IN_9d","D42","check_32","java.lang.String","@"
"TRANSFER_IN_9d","E42","check_date_32","java.lang.String","[$-409]d\-mmm\-yyyy;@"
"TRANSFER_IN_9d","F42","amount_32","java.lang.String","#,##0.00_);(#,##0.00)"
"TRANSFER_IN_9d","C43","within_the_kingdom_33","java.lang.String","@"
"TRANSFER_IN_9d","D43","check_33","java.lang.String","@"
"TRANSFER_IN_9d","E43","check_date_33","java.lang.String","[$-409]d\-mmm\-yyyy;@"
"TRANSFER_IN_9d","F43","amount_33","java.lang.String","#,##0.00_);(#,##0.00)"
"TRANSFER_IN_9d","C44","within_the_kingdom_34","java.lang.String","@"
"TRANSFER_IN_9d","D44","check_34","java.lang.String","@"
"TRANSFER_IN_9d","E44","check_date_34","java.lang.String","[$-409]d\-mmm\-yyyy;@"
"TRANSFER_IN_9d","F44","amount_34","java.lang.String","#,##0.00_);(#,##0.00)"
"TRANSFER_IN_9d","C45","within_the_kingdom_35","java.lang.String","@"
"TRANSFER_IN_9d","D45","check_35","java.lang.String","@"
"TRANSFER_IN_9d","E45","check_date_35","java.lang.String","[$-409]d\-mmm\-yyyy;@"
"TRANSFER_IN_9d","F45","amount_35","java.lang.String","#,##0.00_);(#,##0.00)"
"TRANSFER_IN_9d","C46","within_the_kingdom_36","java.lang.String","@"
"TRANSFER_IN_9d","D46","check_36","java.lang.String","@"
"TRANSFER_IN_9d","E46","check_date_36","java.lang.String","[$-409]d\-mmm\-yyyy;@"
"TRANSFER_IN_9d","F46","amount_36","java.lang.String","#,##0.00_);(#,##0.00)"
"TRANSFER_IN_9d","C47","within_the_kingdom_37","java.lang.String","@"
"TRANSFER_IN_9d","D47","check_37","java.lang.String","@"
"TRANSFER_IN_9d","E47","check_date_37","java.lang.String","[$-409]d\-mmm\-yyyy;@"
"TRANSFER_IN_9d","F47","amount_37","java.lang.String","#,##0.00_);(#,##0.00)"
"TRANSFER_IN_9d","C48","within_the_kingdom_38","java.lang.String","@"
"TRANSFER_IN_9d","D48","check_38","java.lang.String","@"
"TRANSFER_IN_9d","E48","check_date_38","java.lang.String","[$-409]d\-mmm\-yyyy;@"
"TRANSFER_IN_9d","F48","amount_38","java.lang.String","#,##0.00_);(#,##0.00)"
"TRANSFER_IN_9d","C49","within_the_kingdom_39","java.lang.String","@"
"TRANSFER_IN_9d","D49","check_39","java.lang.String","@"
"TRANSFER_IN_9d","E49","check_date_39","java.lang.String","[$-409]d\-mmm\-yyyy;@"
"TRANSFER_IN_9d","F49","amount_39","java.lang.String","#,##0.00_);(#,##0.00)"
"TRANSFER_IN_9d","C50","within_the_kingdom_40","java.lang.String","@"
"TRANSFER_IN_9d","D50","check_40","java.lang.String","@"
"TRANSFER_IN_9d","E50","check_date_40","java.lang.String","[$-409]d\-mmm\-yyyy;@"
"TRANSFER_IN_9d","F50","amount_40","java.lang.String","#,##0.00_);(#,##0.00)"
"TRANSFER_IN_9d","C51","within_the_kingdom_41","java.lang.String","@"
"TRANSFER_IN_9d","D51","check_41","java.lang.String","@"
"TRANSFER_IN_9d","E51","check_date_41","java.lang.String","[$-409]d\-mmm\-yyyy;@"
"TRANSFER_IN_9d","F51","amount_41","java.lang.String","#,##0.00_);(#,##0.00)"
"TRANSFER_IN_9d","C52","within_the_kingdom_42","java.lang.String","@"
"TRANSFER_IN_9d","D52","check_42","java.lang.String","@"
"TRANSFER_IN_9d","E52","check_date_42","java.lang.String","[$-409]d\-mmm\-yyyy;@"
"TRANSFER_IN_9d","F52","amount_42","java.lang.String","#,##0.00_);(#,##0.00)"
"TRANSFER_IN_9d","C53","within_the_kingdom_43","java.lang.String","@"
"TRANSFER_IN_9d","D53","check_43","java.lang.String","@"
"TRANSFER_IN_9d","E53","check_date_43","java.lang.String","[$-409]d\-mmm\-yyyy;@"
"TRANSFER_IN_9d","F53","amount_43","java.lang.String","#,##0.00_);(#,##0.00)"
"TRANSFER_IN_9d","C54","within_the_kingdom_44","java.lang.String","@"
"TRANSFER_IN_9d","D54","check_44","java.lang.String","@"
"TRANSFER_IN_9d","E54","check_date_44","java.lang.String","[$-409]d\-mmm\-yyyy;@"
"TRANSFER_IN_9d","F54","amount_44","java.lang.String","#,##0.00_);(#,##0.00)"
"TRANSFER_IN_9d","F55","amount_total","java.lang.Double","#,##0.00_);(#,##0.00)"
