{
  "Checking": "I.a Undep. & non-interest cash",
  "Asset Movement": "Asset Movement",
  "General Supplies - AR": "19b General Supplies - Activity",
  "General Supplies - OA": "19a General Supplies -  O&A",
  "Occupancy - AR": "21b Occupancy - Activity Rel",
  "Transfer Out - In Kingdom": "30a Funds xfer out - in kingdom",
  "Transfer Out - SCA Corp": "30b Funds xfer out - outside kd: (A)To Corporate Office",
  "Demos and Heraldic Fees": "03.a Demos &  Act. Fees",
  "Event Income": "03.b Adj Gross Event Income",
  "Event Income - ACCEPS": "03.b Adj Gross Event Income",
  "Donations": "02. Direct Contrib/Donations: a) Donations rcd w/o consid",
  "Refund": "Refund",
  "General Fund": "General Fund"
}